seq_id,seq_category,category,det_object_id,n_obs,median_sqrt_area,net_disp_px,net_disp_ratio,frac_frames_in_mot,in_mot
satmtb/airplane/02,airplane,ship,3,93,7.55,39.55,5.237,1.0,True
satmtb/airplane/02,airplane,airplane,1,93,40.51,108.62,2.681,1.0,True
satmtb/airplane/02,airplane,airplane,2,93,25.14,100.54,3.999,1.0,True
satmtb/airplane/03,airplane,airplane,1,173,36.58,1252.48,34.242,1.0,True
satmtb/airplane/03,airplane,airplane,2,173,34.17,139.12,4.072,1.0,True
satmtb/airplane/03,airplane,airplane,3,173,34.04,17.5,0.514,0.0,False
satmtb/airplane/03,airplane,airplane,4,173,35.17,18.82,0.535,0.0,False
satmtb/airplane/03,airplane,airplane,5,173,32.1,16.94,0.528,0.0,False
satmtb/airplane/04,airplane,airplane,1,145,80.44,0.0,0.0,0.0,False
satmtb/airplane/04,airplane,airplane,2,145,100.45,0.0,0.0,0.0,False
satmtb/airplane/04,airplane,airplane,3,145,62.81,0.0,0.0,0.0,False
satmtb/airplane/04,airplane,airplane,4,145,68.46,0.0,0.0,0.0,False
satmtb/airplane/04,airplane,airplane,5,145,51.72,1113.24,21.526,1.0,True
satmtb/airplane/04,airplane,airplane,6,145,44.96,0.0,0.0,0.0,False
satmtb/airplane/04,airplane,airplane,7,145,62.85,0.0,0.0,0.0,False
satmtb/airplane/04,airplane,airplane,8,145,51.24,0.0,0.0,0.0,False
satmtb/airplane/05,airplane,airplane,1,258,50.82,0.0,0.0,0.0,False
satmtb/airplane/05,airplane,airplane,2,258,54.1,259.15,4.791,1.0,True
satmtb/airplane/05,airplane,airplane,3,258,38.84,192.25,4.949,1.0,True
satmtb/airplane/05,airplane,airplane,4,258,39.29,0.0,0.0,0.0,False
satmtb/airplane/05,airplane,airplane,5,258,24.88,0.0,0.0,0.0,False
satmtb/airplane/05,airplane,airplane,6,258,77.52,0.0,0.0,0.0,False
satmtb/airplane/05,airplane,airplane,7,258,47.29,0.0,0.0,0.0,False
satmtb/airplane/05,airplane,airplane,8,258,48.93,376.18,7.689,1.0,True
satmtb/airplane/05,airplane,airplane,9,258,65.12,0.0,0.0,0.0,False
satmtb/airplane/05,airplane,airplane,10,258,51.93,0.0,0.0,0.0,False
satmtb/airplane/05,airplane,airplane,11,258,34.11,0.0,0.0,0.0,False
satmtb/airplane/06,airplane,airplane,1,178,53.25,206.56,3.879,1.0,True
satmtb/airplane/06,airplane,airplane,2,178,45.59,76.3,1.674,1.0,True
satmtb/airplane/06,airplane,airplane,3,178,51.41,579.62,11.275,1.0,True
satmtb/airplane/06,airplane,airplane,4,128,60.78,35.8,0.589,1.0,True
satmtb/airplane/07,airplane,airplane,1,215,40.72,0.0,0.0,0.0,False
satmtb/airplane/07,airplane,airplane,2,215,45.19,0.0,0.0,0.0,False
satmtb/airplane/07,airplane,airplane,3,215,35.78,0.0,0.0,0.0,False
satmtb/airplane/07,airplane,airplane,4,215,46.84,0.0,0.0,0.0,False
satmtb/airplane/07,airplane,airplane,5,215,28.54,0.0,0.0,0.0,False
satmtb/airplane/07,airplane,airplane,6,215,41.43,0.0,0.0,0.0,False
satmtb/airplane/07,airplane,airplane,7,215,40.56,0.0,0.0,0.0,False
satmtb/airplane/07,airplane,airplane,8,215,40.58,0.0,0.0,0.0,False
satmtb/airplane/07,airplane,airplane,9,215,45.22,0.0,0.0,0.0,False
satmtb/airplane/07,airplane,airplane,10,215,50.54,0.0,0.0,0.0,False
satmtb/airplane/07,airplane,airplane,11,215,41.0,0.0,0.0,0.0,False
satmtb/airplane/07,airplane,airplane,12,215,47.78,179.61,3.759,1.0,True
satmtb/airplane/07,airplane,airplane,13,215,52.23,195.59,3.745,1.0,True
satmtb/airplane/08,airplane,airplane,1,152,20.95,0.0,0.0,0.0,False
satmtb/airplane/08,airplane,airplane,2,152,19.97,0.0,0.0,0.0,False
satmtb/airplane/08,airplane,airplane,3,152,24.34,0.0,0.0,0.0,False
satmtb/airplane/08,airplane,airplane,4,152,20.04,0.0,0.0,0.0,False
satmtb/airplane/08,airplane,airplane,5,152,77.18,0.0,0.0,0.0,False
satmtb/airplane/08,airplane,airplane,6,152,69.81,0.0,0.0,0.0,False
satmtb/airplane/08,airplane,airplane,7,152,45.1,900.73,19.973,1.0,True
satmtb/airplane/09,airplane,airplane,1,288,58.2,0.0,0.0,0.0,False
satmtb/airplane/09,airplane,airplane,2,288,44.08,0.0,0.0,0.0,False
satmtb/airplane/09,airplane,airplane,3,288,46.97,0.0,0.0,0.0,False
satmtb/airplane/09,airplane,airplane,4,288,31.99,0.0,0.0,0.0,False
satmtb/airplane/09,airplane,airplane,5,288,30.68,0.0,0.0,0.0,False
satmtb/airplane/09,airplane,airplane,6,288,28.04,0.0,0.0,0.0,False
satmtb/airplane/09,airplane,airplane,7,288,28.17,0.0,0.0,0.0,False
satmtb/airplane/09,airplane,airplane,8,288,28.87,0.0,0.0,0.0,False
satmtb/airplane/09,airplane,airplane,9,288,25.94,0.0,0.0,0.0,False
satmtb/airplane/09,airplane,airplane,10,288,49.79,44.27,0.889,0.361,False
satmtb/airplane/09,airplane,airplane,11,288,51.11,0.0,0.0,0.0,False
satmtb/airplane/09,airplane,airplane,12,253,50.06,239.57,4.786,1.0,True
satmtb/airplane/09,airplane,airplane,13,144,32.56,93.04,2.857,0.986,True
satmtb/airplane/09,airplane,airplane,14,288,77.73,216.03,2.779,1.0,True
satmtb/airplane/10,airplane,airplane,1,288,52.44,0.58,0.011,0.0,False
satmtb/airplane/10,airplane,airplane,2,288,44.9,0.66,0.015,0.0,False
satmtb/airplane/10,airplane,airplane,3,288,50.74,0.62,0.012,0.0,False
satmtb/airplane/10,airplane,airplane,4,288,49.61,1.05,0.021,0.0,False
satmtb/airplane/10,airplane,airplane,5,288,49.42,0.43,0.009,0.0,False
satmtb/airplane/10,airplane,airplane,6,288,65.09,0.76,0.012,0.0,False
satmtb/airplane/10,airplane,airplane,7,288,35.38,0.0,0.0,0.0,False
satmtb/airplane/10,airplane,airplane,8,288,37.8,0.0,0.0,0.0,False
satmtb/airplane/10,airplane,airplane,9,288,40.37,3.39,0.084,0.0,False
satmtb/airplane/10,airplane,airplane,10,288,34.04,0.0,0.0,0.0,False
satmtb/airplane/10,airplane,airplane,11,288,49.13,1.22,0.025,0.0,False
satmtb/airplane/10,airplane,airplane,12,288,54.62,3.21,0.059,0.0,False
satmtb/airplane/10,airplane,airplane,13,288,48.73,0.0,0.0,0.0,False
satmtb/airplane/10,airplane,airplane,14,288,50.24,0.0,0.0,0.0,False
satmtb/airplane/10,airplane,airplane,15,288,46.51,0.78,0.017,0.0,False
satmtb/airplane/10,airplane,airplane,16,288,46.53,0.32,0.007,0.0,False
satmtb/airplane/10,airplane,airplane,17,288,55.98,222.19,3.969,1.0,True
satmtb/airplane/10,airplane,airplane,18,288,65.59,2.32,0.035,0.0,False
satmtb/airplane/10,airplane,airplane,19,288,51.43,0.4,0.008,0.0,False
satmtb/airplane/10,airplane,airplane,20,288,61.21,191.92,3.135,1.0,True
satmtb/airplane/10,airplane,airplane,21,288,50.29,0.0,0.0,0.0,False
satmtb/airplane/11,airplane,airplane,1,288,42.25,0.0,0.0,0.0,False
satmtb/airplane/11,airplane,airplane,2,288,33.79,0.0,0.0,0.0,False
satmtb/airplane/11,airplane,airplane,3,288,37.23,0.0,0.0,0.0,False
satmtb/airplane/11,airplane,airplane,4,288,39.29,0.0,0.0,0.0,False
satmtb/airplane/11,airplane,airplane,5,288,43.54,0.0,0.0,0.0,False
satmtb/airplane/11,airplane,airplane,6,288,42.14,0.0,0.0,0.0,False
satmtb/airplane/11,airplane,airplane,7,288,26.69,0.0,0.0,0.0,False
satmtb/airplane/11,airplane,airplane,8,288,30.61,0.0,0.0,0.0,False
satmtb/airplane/11,airplane,airplane,9,288,37.58,0.0,0.0,0.0,False
satmtb/airplane/11,airplane,airplane,10,288,42.05,0.0,0.0,0.0,False
satmtb/airplane/11,airplane,airplane,11,288,31.79,0.0,0.0,0.0,False
satmtb/airplane/11,airplane,airplane,12,288,40.89,0.0,0.0,0.0,False
satmtb/airplane/11,airplane,airplane,13,288,28.69,0.0,0.0,0.0,False
satmtb/airplane/11,airplane,airplane,14,288,43.13,0.0,0.0,0.0,False
satmtb/airplane/11,airplane,airplane,15,288,39.93,0.0,0.0,0.0,False
satmtb/airplane/11,airplane,airplane,16,288,39.5,0.0,0.0,0.0,False
satmtb/airplane/11,airplane,airplane,17,288,41.67,0.0,0.0,0.0,False
satmtb/airplane/11,airplane,airplane,18,288,40.72,0.0,0.0,0.0,False
satmtb/airplane/11,airplane,airplane,19,288,53.11,256.0,4.821,1.0,True
satmtb/airplane/12,airplane,airplane,1,51,42.03,244.57,5.819,1.0,True
satmtb/airplane/12,airplane,airplane,2,243,78.2,2.37,0.03,0.0,False
satmtb/airplane/12,airplane,airplane,3,243,81.04,3.07,0.038,0.0,False
satmtb/airplane/12,airplane,airplane,4,243,75.47,189.46,2.51,1.0,True
satmtb/airplane/12,airplane,airplane,5,243,88.8,0.24,0.003,0.0,False
satmtb/airplane/12,airplane,airplane,6,243,83.29,2.33,0.028,0.0,False
satmtb/airplane/12,airplane,airplane,7,243,79.9,2.46,0.031,0.0,False
satmtb/airplane/12,airplane,airplane,8,243,90.76,50.28,0.554,1.0,True
satmtb/airplane/13,airplane,airplane,1,243,45.32,1.45,0.032,0.0,False
satmtb/airplane/13,airplane,airplane,2,243,56.59,4.12,0.073,0.0,False
satmtb/airplane/13,airplane,airplane,3,243,88.74,4.8,0.054,0.0,False
satmtb/airplane/13,airplane,airplane,4,243,89.91,3.89,0.043,0.0,False
satmtb/airplane/13,airplane,airplane,5,243,43.7,2.84,0.065,0.0,False
satmtb/airplane/13,airplane,airplane,6,243,70.61,2.36,0.033,0.0,False
satmtb/airplane/13,airplane,airplane,7,243,74.24,2.9,0.039,0.0,False
satmtb/airplane/13,airplane,airplane,8,243,43.66,3.89,0.089,0.0,False
satmtb/airplane/13,airplane,airplane,9,243,39.92,90.2,2.259,1.0,True
satmtb/airplane/14,airplane,airplane,1,243,87.01,95.24,1.095,1.0,True
satmtb/airplane/14,airplane,airplane,2,243,43.29,0.0,0.0,0.0,False
satmtb/airplane/14,airplane,airplane,3,243,43.23,0.0,0.0,0.0,False
satmtb/airplane/14,airplane,airplane,4,243,43.81,0.0,0.0,0.0,False
satmtb/airplane/14,airplane,airplane,5,243,43.31,0.0,0.0,0.0,False
satmtb/airplane/14,airplane,airplane,6,243,42.88,0.0,0.0,0.0,False
satmtb/airplane/14,airplane,airplane,7,243,42.64,0.0,0.0,0.0,False
satmtb/airplane/14,airplane,airplane,8,243,41.88,0.04,0.001,0.0,False
satmtb/airplane/15,airplane,airplane,1,293,53.89,276.1,5.123,1.0,True
satmtb/airplane/15,airplane,airplane,2,293,49.45,9.55,0.193,0.0,False
satmtb/airplane/15,airplane,airplane,3,293,52.01,8.55,0.164,0.0,False
satmtb/airplane/15,airplane,airplane,4,293,50.38,7.31,0.145,0.0,False
satmtb/airplane/15,airplane,airplane,5,293,56.83,8.76,0.154,0.0,False
satmtb/airplane/15,airplane,airplane,6,100,28.48,815.85,28.646,1.0,True
satmtb/airplane/16,airplane,airplane,1,293,54.76,8.06,0.147,0.0,False
satmtb/airplane/16,airplane,airplane,2,293,50.99,8.45,0.166,0.0,False
satmtb/airplane/16,airplane,airplane,3,293,50.7,29.74,0.587,1.0,True
satmtb/airplane/16,airplane,airplane,4,293,39.25,63.57,1.62,0.795,True
satmtb/airplane/16,airplane,airplane,5,293,37.85,7.3,0.193,0.0,False
satmtb/airplane/16,airplane,airplane,6,91,29.36,542.36,18.47,0.989,True
satmtb/airplane/16,airplane,airplane,7,202,51.98,27.31,0.525,1.0,True
satmtb/airplane/17,airplane,airplane,1,293,49.63,8.41,0.17,0.0,False
satmtb/airplane/17,airplane,airplane,2,293,45.76,8.63,0.189,0.0,False
satmtb/airplane/17,airplane,airplane,3,293,45.62,8.25,0.181,0.0,False
satmtb/airplane/17,airplane,airplane,4,293,49.88,8.69,0.174,0.0,False
satmtb/airplane/17,airplane,airplane,5,293,32.03,7.8,0.243,0.0,False
satmtb/airplane/17,airplane,airplane,6,293,36.0,236.15,6.56,1.0,True
satmtb/airplane/18,airplane,airplane,1,88,39.58,675.73,17.074,1.0,True
satmtb/airplane/18,airplane,airplane,2,233,39.9,226.26,5.671,1.0,True
satmtb/airplane/18,airplane,airplane,3,233,45.17,38.09,0.843,0.0,False
satmtb/airplane/18,airplane,airplane,4,233,56.33,39.55,0.702,0.0,False
satmtb/airplane/18,airplane,airplane,5,233,42.58,40.21,0.944,0.0,False
satmtb/airplane/18,airplane,airplane,6,233,36.46,40.55,1.112,0.0,False
satmtb/airplane/18,airplane,airplane,7,233,39.86,41.21,1.034,0.0,False
satmtb/airplane/18,airplane,airplane,8,233,41.1,42.59,1.036,0.0,False
satmtb/airplane/18,airplane,airplane,9,233,43.28,42.73,0.987,0.0,False
satmtb/airplane/18,airplane,airplane,10,2,37.89,44.23,1.167,0.0,False
satmtb/airplane/18,airplane,airplane,11,233,33.88,47.04,1.388,0.0,False
satmtb/airplane/18,airplane,airplane,12,233,38.63,46.62,1.207,0.0,False
satmtb/airplane/19,airplane,airplane,1,80,44.12,11.12,0.252,0.0,False
satmtb/airplane/19,airplane,airplane,2,80,42.56,10.33,0.243,0.0,False
satmtb/airplane/19,airplane,airplane,3,80,42.86,12.54,0.293,0.0,False
satmtb/airplane/19,airplane,airplane,4,80,41.5,9.73,0.235,0.0,False
satmtb/airplane/19,airplane,airplane,5,80,59.99,10.98,0.183,0.0,False
satmtb/airplane/19,airplane,airplane,6,80,45.54,12.2,0.268,0.0,False
satmtb/airplane/19,airplane,airplane,7,80,44.32,13.03,0.294,0.0,False
satmtb/airplane/19,airplane,airplane,8,80,50.86,13.05,0.257,0.0,False
satmtb/airplane/19,airplane,airplane,9,80,59.69,12.23,0.205,0.0,False
satmtb/airplane/19,airplane,airplane,10,80,42.4,12.62,0.298,0.0,False
satmtb/airplane/19,airplane,airplane,11,80,43.2,531.98,12.314,1.0,True
satmtb/airplane/20,airplane,airplane,1,201,57.25,117.71,2.056,1.0,True
satmtb/airplane/20,airplane,airplane,2,201,58.2,176.97,3.041,1.0,True
satmtb/airplane/20,airplane,airplane,3,193,84.69,4.95,0.058,0.0,False
satmtb/airplane/20,airplane,airplane,4,193,91.91,3.37,0.037,0.0,False
satmtb/airplane/20,airplane,airplane,5,193,48.54,3.23,0.067,0.0,False
satmtb/airplane/20,airplane,airplane,6,193,112.48,3.46,0.031,0.0,False
satmtb/airplane/20,airplane,airplane,7,193,58.2,3.64,0.063,0.0,False
satmtb/airplane/20,airplane,airplane,8,193,92.61,3.69,0.04,0.0,False
satmtb/airplane/20,airplane,airplane,9,193,92.45,4.44,0.048,0.0,False
satmtb/airplane/20,airplane,airplane,10,193,94.07,5.4,0.057,0.0,False
satmtb/airplane/20,airplane,airplane,11,193,104.14,4.46,0.043,0.0,False
satmtb/airplane/20,airplane,airplane,12,193,54.78,3.5,0.064,0.0,False
satmtb/airplane/20,airplane,airplane,13,193,87.87,0.0,0.0,0.0,False
satmtb/airplane/21,airplane,airplane,1,193,51.0,38.45,0.754,1.0,True
satmtb/airplane/21,airplane,airplane,2,193,97.58,4.11,0.042,0.0,False
satmtb/airplane/21,airplane,airplane,3,193,54.88,3.77,0.069,0.0,False
satmtb/airplane/21,airplane,airplane,4,193,50.9,4.89,0.096,0.0,False
satmtb/airplane/21,airplane,airplane,5,193,70.37,4.75,0.067,0.0,False
satmtb/airplane/21,airplane,airplane,6,193,52.12,5.9,0.113,0.0,False
satmtb/airplane/21,airplane,airplane,7,202,48.7,177.84,3.652,1.0,True
satmtb/airplane/21,airplane,airplane,8,194,54.29,90.18,1.661,1.0,True
satmtb/airplane/22,airplane,airplane,1,193,88.96,0.0,0.0,0.0,False
satmtb/airplane/22,airplane,airplane,2,193,112.05,2.93,0.026,0.0,False
satmtb/airplane/22,airplane,airplane,3,193,107.38,3.48,0.032,0.0,False
satmtb/airplane/22,airplane,airplane,4,193,107.96,3.84,0.036,0.0,False
satmtb/airplane/22,airplane,airplane,5,193,65.32,2.2,0.034,0.0,False
satmtb/airplane/22,airplane,airplane,6,193,66.12,2.94,0.044,0.0,False
satmtb/airplane/22,airplane,airplane,7,193,46.53,2.36,0.051,0.0,False
satmtb/airplane/22,airplane,airplane,8,193,95.15,3.23,0.034,0.0,False
satmtb/airplane/22,airplane,airplane,9,193,104.41,2.56,0.025,0.0,False
satmtb/airplane/22,airplane,airplane,10,193,74.1,3.02,0.041,0.0,False
satmtb/airplane/22,airplane,airplane,11,193,75.18,4.73,0.063,0.0,False
satmtb/airplane/22,airplane,airplane,12,193,88.02,3.07,0.035,0.0,False
satmtb/airplane/22,airplane,airplane,13,193,76.31,0.0,0.0,0.0,False
satmtb/airplane/22,airplane,airplane,14,193,101.95,3.38,0.033,0.0,False
satmtb/airplane/22,airplane,airplane,15,193,98.7,66.15,0.67,1.0,True
satmtb/airplane/22,airplane,airplane,16,193,102.22,32.27,0.316,1.0,True
satmtb/airplane/22,airplane,airplane,17,193,91.39,2.93,0.032,0.0,False
satmtb/airplane/22,airplane,airplane,18,193,70.9,1.64,0.023,0.0,False
satmtb/airplane/22,airplane,airplane,19,193,86.91,1.4,0.016,0.0,False
satmtb/airplane/22,airplane,airplane,20,193,79.11,2.28,0.029,0.0,False
satmtb/airplane/22,airplane,airplane,21,193,51.66,3.87,0.075,0.0,False
satmtb/airplane/22,airplane,airplane,22,193,48.3,4.04,0.084,0.0,False
satmtb/airplane/22,airplane,airplane,23,193,51.93,4.57,0.088,0.0,False
satmtb/airplane/22,airplane,airplane,24,193,50.9,7.94,0.156,1.0,True
satmtb/airplane/22,airplane,airplane,25,193,58.96,0.0,0.0,0.0,False
satmtb/airplane/22,airplane,airplane,26,193,53.11,145.54,2.74,1.0,True
satmtb/airplane/22,airplane,airplane,27,193,44.16,3.31,0.075,0.0,False
satmtb/airplane/22,airplane,airplane,28,193,44.78,4.06,0.091,0.0,False
satmtb/airplane/22,airplane,airplane,29,193,50.3,2.96,0.059,0.0,False
satmtb/airplane/23,airplane,airplane,1,64,56.36,0.0,0.0,0.0,False
satmtb/airplane/23,airplane,airplane,2,64,90.86,0.0,0.0,0.0,False
satmtb/airplane/23,airplane,airplane,3,64,109.99,0.0,0.0,0.0,False
satmtb/airplane/23,airplane,airplane,4,64,97.16,0.0,0.0,0.0,False
satmtb/airplane/23,airplane,airplane,5,64,93.28,0.0,0.0,0.0,False
satmtb/airplane/23,airplane,airplane,6,64,52.19,87.95,1.685,1.0,True
satmtb/airplane/23,airplane,airplane,8,2,46.32,247.87,5.351,0.5,True
satmtb/airplane/23,airplane,airplane,7,77,41.36,3.62,0.087,0.169,False
satmtb/airplane/24,airplane,airplane,1,193,55.36,250.02,4.516,1.0,True
satmtb/airplane/25,airplane,airplane,1,140,41.74,0.41,0.01,0.0,False
satmtb/airplane/25,airplane,airplane,2,140,34.81,0.52,0.015,0.0,False
satmtb/airplane/25,airplane,airplane,3,140,38.76,1.09,0.028,0.0,False
satmtb/airplane/25,airplane,airplane,4,140,34.97,0.75,0.021,0.0,False
satmtb/airplane/25,airplane,airplane,5,140,29.01,0.67,0.023,0.0,False
satmtb/airplane/25,airplane,airplane,6,140,36.4,0.05,0.001,0.0,False
satmtb/airplane/25,airplane,airplane,7,140,40.47,0.48,0.012,0.0,False
satmtb/airplane/25,airplane,airplane,8,140,45.81,0.0,0.0,0.0,False
satmtb/airplane/25,airplane,airplane,9,140,42.4,0.23,0.005,0.0,False
satmtb/airplane/25,airplane,airplane,10,140,88.89,107.19,1.206,1.0,True
satmtb/airplane/26,airplane,airplane,1,142,83.7,0.0,0.0,0.0,False
satmtb/airplane/26,airplane,airplane,2,142,78.98,4.04,0.051,0.0,False
satmtb/airplane/26,airplane,airplane,3,142,50.02,0.01,0.0,0.0,False
satmtb/airplane/26,airplane,airplane,4,142,51.92,0.0,0.0,0.0,False
satmtb/airplane/26,airplane,airplane,5,142,60.27,0.0,0.0,0.0,False
satmtb/airplane/26,airplane,airplane,6,142,49.35,0.02,0.0,0.0,False
satmtb/airplane/26,airplane,airplane,7,142,56.71,0.0,0.0,0.0,False
satmtb/airplane/26,airplane,airplane,8,142,44.77,0.01,0.0,0.0,False
satmtb/airplane/26,airplane,airplane,9,142,55.26,0.01,0.0,0.0,False
satmtb/airplane/26,airplane,airplane,10,142,39.02,0.0,0.0,0.0,False
satmtb/airplane/26,airplane,airplane,11,142,48.57,0.01,0.0,0.0,False
satmtb/airplane/26,airplane,airplane,12,142,48.75,0.0,0.0,0.0,False
satmtb/airplane/26,airplane,airplane,13,142,44.87,0.0,0.0,0.0,False
satmtb/airplane/26,airplane,airplane,14,142,50.61,152.35,3.01,1.0,True
satmtb/airplane/27,airplane,airplane,1,319,52.55,17.23,0.328,0.0,False
satmtb/airplane/27,airplane,airplane,2,319,12.59,17.54,1.393,0.0,False
satmtb/airplane/27,airplane,airplane,3,319,12.16,16.66,1.371,0.0,False
satmtb/airplane/27,airplane,airplane,4,319,11.89,15.9,1.338,0.0,False
satmtb/airplane/27,airplane,airplane,5,319,23.81,16.5,0.693,0.0,False
satmtb/airplane/27,airplane,airplane,6,319,19.5,15.86,0.813,0.0,False
satmtb/airplane/27,airplane,airplane,7,319,18.58,14.78,0.795,0.0,False
satmtb/airplane/27,airplane,airplane,8,319,36.11,16.18,0.448,0.0,False
satmtb/airplane/27,airplane,airplane,9,319,20.62,18.91,0.917,0.0,False
satmtb/airplane/27,airplane,airplane,10,319,29.31,15.33,0.523,0.0,False
satmtb/airplane/27,airplane,airplane,11,319,25.92,16.69,0.644,0.0,False
satmtb/airplane/27,airplane,airplane,12,163,40.24,1077.94,26.785,1.0,True
satmtb/airplane/27,airplane,airplane,13,319,40.55,73.24,1.806,0.643,True
satmtb/airplane/27,airplane,airplane,14,319,48.57,26.2,0.539,0.313,False
satmtb/airplane/27,airplane,airplane,15,319,43.52,284.48,6.537,1.0,True
satmtb/airplane/27,airplane,airplane,16,319,21.15,156.87,7.418,1.0,True
satmtb/airplane/28,airplane,airplane,1,319,62.45,3.76,0.06,0.0,False
satmtb/airplane/28,airplane,airplane,2,319,50.6,7.76,0.153,0.0,False
satmtb/airplane/28,airplane,airplane,3,319,61.84,7.25,0.117,0.0,False
satmtb/airplane/28,airplane,airplane,4,319,40.43,9.55,0.236,0.0,False
satmtb/airplane/28,airplane,airplane,5,319,47.66,7.72,0.162,0.0,False
satmtb/airplane/28,airplane,airplane,6,319,88.41,2.39,0.027,0.0,False
satmtb/airplane/28,airplane,airplane,7,319,55.89,6.53,0.117,0.0,False
satmtb/airplane/28,airplane,airplane,8,319,53.8,8.59,0.16,0.0,False
satmtb/airplane/28,airplane,airplane,9,319,50.54,5.53,0.11,0.0,False
satmtb/airplane/28,airplane,airplane,10,319,61.27,5.67,0.092,0.0,False
satmtb/airplane/28,airplane,airplane,11,319,49.64,7.81,0.157,0.0,False
satmtb/airplane/28,airplane,airplane,12,319,52.31,8.01,0.153,0.0,False
satmtb/airplane/28,airplane,airplane,13,319,58.27,5.13,0.088,0.0,False
satmtb/airplane/28,airplane,airplane,14,319,56.74,6.12,0.108,0.0,False
satmtb/airplane/28,airplane,airplane,15,319,59.56,6.54,0.11,0.0,False
satmtb/airplane/28,airplane,airplane,16,319,55.28,5.62,0.102,0.0,False
satmtb/airplane/28,airplane,airplane,17,319,59.0,6.28,0.106,0.0,False
satmtb/airplane/28,airplane,airplane,18,319,48.76,11.02,0.226,0.0,False
satmtb/airplane/28,airplane,airplane,19,319,60.26,8.06,0.134,0.0,False
satmtb/airplane/28,airplane,airplane,20,319,51.6,166.36,3.224,1.0,True
satmtb/airplane/28,airplane,airplane,21,319,49.54,5.83,0.118,0.0,False
satmtb/airplane/28,airplane,airplane,22,319,49.68,35.86,0.722,0.386,False
satmtb/airplane/28,airplane,airplane,23,319,69.99,145.9,2.085,1.0,True
satmtb/airplane/28,airplane,airplane,24,319,82.53,126.43,1.532,1.0,True
satmtb/airplane/28,airplane,airplane,25,319,87.04,82.89,0.952,1.0,True
satmtb/airplane/28,airplane,airplane,26,319,84.83,69.66,0.821,0.73,True
satmtb/airplane/28,airplane,airplane,27,319,49.93,8.49,0.17,0.0,False
satmtb/airplane/28,airplane,airplane,28,319,52.58,7.6,0.144,0.0,False
satmtb/airplane/28,airplane,airplane,29,319,90.1,4.5,0.05,0.0,False
satmtb/airplane/28,airplane,airplane,30,319,109.83,4.02,0.037,0.0,False
satmtb/airplane/28,airplane,airplane,31,319,60.64,8.53,0.141,0.0,False
satmtb/airplane/28,airplane,airplane,32,319,57.67,224.56,3.894,1.0,True
satmtb/airplane/29,airplane,airplane,1,319,53.42,477.97,8.947,1.0,True
satmtb/airplane/29,airplane,airplane,2,319,45.65,10.26,0.225,0.0,False
satmtb/airplane/29,airplane,airplane,3,319,52.91,9.17,0.173,0.0,False
satmtb/airplane/29,airplane,airplane,4,319,47.06,9.23,0.196,0.0,False
satmtb/airplane/29,airplane,airplane,5,319,47.13,7.74,0.164,0.0,False
satmtb/airplane/29,airplane,airplane,6,319,48.98,8.43,0.172,0.0,False
satmtb/airplane/29,airplane,airplane,7,319,54.25,9.66,0.178,0.0,False
satmtb/airplane/29,airplane,airplane,8,319,53.42,8.41,0.157,0.0,False
satmtb/airplane/29,airplane,airplane,9,319,46.35,9.93,0.214,0.0,False
satmtb/airplane/29,airplane,airplane,10,319,46.86,10.38,0.221,0.0,False
satmtb/airplane/30,airplane,airplane,1,319,52.51,35.61,0.678,0.599,True
satmtb/airplane/30,airplane,airplane,2,319,49.47,205.59,4.156,1.0,True
satmtb/airplane/30,airplane,airplane,3,319,49.88,7.31,0.147,0.0,False
satmtb/airplane/30,airplane,airplane,4,319,53.04,7.31,0.138,0.0,False
satmtb/airplane/30,airplane,airplane,5,319,25.46,8.05,0.316,0.0,False
satmtb/airplane/30,airplane,airplane,6,319,34.85,6.25,0.179,0.0,False
satmtb/airplane/30,airplane,airplane,7,319,29.85,7.55,0.253,0.0,False
satmtb/airplane/30,airplane,airplane,8,319,35.59,12.42,0.349,0.0,False
satmtb/airplane/30,airplane,airplane,9,319,26.51,8.3,0.313,0.0,False
satmtb/airplane/30,airplane,airplane,10,319,22.62,10.03,0.444,0.0,False
satmtb/airplane/30,airplane,airplane,11,319,69.64,7.37,0.106,0.0,False
satmtb/airplane/30,airplane,airplane,12,319,77.66,7.69,0.099,0.0,False
satmtb/airplane/30,airplane,airplane,13,319,74.72,9.01,0.121,0.0,False
satmtb/airplane/30,airplane,airplane,14,319,90.2,9.0,0.1,0.0,False
satmtb/airplane/30,airplane,airplane,15,319,89.38,7.63,0.085,0.0,False
satmtb/airplane/30,airplane,airplane,16,319,20.83,9.25,0.444,0.0,False
satmtb/airplane/30,airplane,airplane,17,319,36.02,9.33,0.259,0.0,False
satmtb/airplane/30,airplane,airplane,18,319,67.46,0.0,0.0,0.0,False
satmtb/airplane/30,airplane,airplane,19,319,82.47,3.72,0.045,0.0,False
satmtb/airplane/31,airplane,airplane,1,319,76.8,3.01,0.039,0.0,False
satmtb/airplane/31,airplane,airplane,2,319,81.36,2.05,0.025,0.0,False
satmtb/airplane/31,airplane,airplane,3,319,71.49,3.6,0.05,0.0,False
satmtb/airplane/31,airplane,airplane,4,319,46.74,5.91,0.127,0.0,False
satmtb/airplane/31,airplane,airplane,5,319,30.22,4.76,0.158,0.0,False
satmtb/airplane/31,airplane,airplane,6,319,40.29,5.11,0.127,0.0,False
satmtb/airplane/31,airplane,airplane,7,319,30.86,5.54,0.18,0.0,False
satmtb/airplane/31,airplane,airplane,8,319,47.21,4.98,0.106,0.0,False
satmtb/airplane/31,airplane,airplane,9,319,49.91,3.58,0.072,0.0,False
satmtb/airplane/31,airplane,airplane,10,319,44.08,3.96,0.09,0.0,False
satmtb/airplane/31,airplane,airplane,11,319,48.41,4.89,0.101,0.0,False
satmtb/airplane/31,airplane,airplane,12,319,45.0,5.47,0.122,0.0,False
satmtb/airplane/31,airplane,airplane,13,319,50.47,4.12,0.082,0.0,False
satmtb/airplane/31,airplane,airplane,14,319,40.68,6.45,0.159,0.0,False
satmtb/airplane/31,airplane,airplane,15,319,38.31,5.04,0.132,0.0,False
satmtb/airplane/31,airplane,airplane,16,319,37.47,5.4,0.144,0.0,False
satmtb/airplane/31,airplane,airplane,17,319,37.92,5.24,0.138,0.0,False
satmtb/airplane/31,airplane,airplane,18,319,32.85,5.73,0.175,0.0,False
satmtb/airplane/31,airplane,airplane,19,319,47.74,6.1,0.128,0.0,False
satmtb/airplane/31,airplane,airplane,20,319,44.14,3.32,0.075,0.0,False
satmtb/airplane/31,airplane,airplane,21,319,36.61,5.68,0.155,0.0,False
satmtb/airplane/31,airplane,airplane,22,319,46.96,194.91,4.151,1.0,True
satmtb/airplane/31,airplane,airplane,23,319,47.59,138.03,2.9,1.0,True
satmtb/airplane/31,airplane,airplane,24,319,66.67,2.84,0.043,0.0,False
satmtb/airplane/31,airplane,airplane,25,319,84.31,0.0,0.0,0.0,False
satmtb/airplane/32,airplane,airplane,1,283,52.24,4.58,0.088,0.0,False
satmtb/airplane/32,airplane,airplane,2,283,50.92,6.22,0.122,0.0,False
satmtb/airplane/32,airplane,airplane,3,283,65.84,4.91,0.075,0.0,False
satmtb/airplane/32,airplane,airplane,4,283,88.25,6.1,0.069,0.0,False
satmtb/airplane/32,airplane,airplane,5,283,108.26,5.93,0.055,0.0,False
satmtb/airplane/32,airplane,airplane,6,283,108.39,8.38,0.077,0.0,False
satmtb/airplane/32,airplane,airplane,7,283,51.68,6.4,0.124,0.0,False
satmtb/airplane/32,airplane,airplane,8,283,53.91,6.1,0.113,0.0,False
satmtb/airplane/32,airplane,airplane,9,283,50.39,367.75,7.299,1.0,True
satmtb/airplane/32,airplane,airplane,10,283,49.96,6.96,0.139,0.0,False
satmtb/airplane/33,airplane,airplane,1,283,112.11,0.82,0.007,0.0,False
satmtb/airplane/33,airplane,airplane,2,283,110.32,0.0,0.0,0.0,False
satmtb/airplane/33,airplane,airplane,3,283,111.79,0.0,0.0,0.0,False
satmtb/airplane/33,airplane,airplane,4,283,113.13,4.9,0.043,0.0,False
satmtb/airplane/33,airplane,airplane,5,283,99.15,0.0,0.0,0.0,False
satmtb/airplane/33,airplane,airplane,6,283,89.18,0.0,0.0,0.0,False
satmtb/airplane/33,airplane,airplane,7,283,98.29,0.0,0.0,0.0,False
satmtb/airplane/33,airplane,airplane,8,283,99.9,0.0,0.0,0.0,False
satmtb/airplane/33,airplane,airplane,9,283,91.33,0.0,0.0,0.0,False
satmtb/airplane/33,airplane,airplane,10,283,95.08,0.0,0.0,0.0,False
satmtb/airplane/33,airplane,airplane,11,283,79.51,0.0,0.0,0.0,False
satmtb/airplane/33,airplane,airplane,12,283,98.22,0.0,0.0,0.0,False
satmtb/airplane/33,airplane,airplane,13,283,101.64,1.17,0.011,0.0,False
satmtb/airplane/33,airplane,airplane,14,283,94.18,277.48,2.946,1.0,True
satmtb/airplane/34,airplane,airplane,1,283,54.19,42.65,0.787,1.0,True
satmtb/airplane/34,airplane,airplane,2,283,100.13,29.19,0.291,0.7,True
satmtb/airplane/34,airplane,airplane,3,283,110.54,62.87,0.569,1.0,True
satmtb/airplane/34,airplane,airplane,4,283,99.21,5.62,0.057,0.0,False
satmtb/airplane/34,airplane,airplane,5,283,48.53,7.3,0.15,0.0,False
satmtb/airplane/34,airplane,airplane,6,283,96.97,4.51,0.047,0.0,False
satmtb/airplane/34,airplane,airplane,7,283,96.02,4.92,0.051,0.0,False
satmtb/airplane/34,airplane,airplane,8,283,97.42,6.28,0.064,0.0,False
satmtb/airplane/34,airplane,airplane,9,283,109.64,6.46,0.059,0.0,False
satmtb/airplane/34,airplane,airplane,10,283,110.26,6.69,0.061,0.0,False
satmtb/airplane/34,airplane,airplane,11,283,97.14,5.22,0.054,0.0,False
satmtb/airplane/34,airplane,airplane,12,283,108.46,6.46,0.06,0.0,False
satmtb/airplane/34,airplane,airplane,13,283,99.4,5.15,0.052,0.0,False
satmtb/airplane/34,airplane,airplane,14,283,98.06,5.72,0.058,0.0,False
satmtb/airplane/34,airplane,airplane,15,283,97.43,4.9,0.05,0.0,False
satmtb/airplane/34,airplane,airplane,16,283,100.42,5.12,0.051,0.0,False
satmtb/airplane/34,airplane,airplane,17,283,105.08,6.32,0.06,0.0,False
satmtb/airplane/34,airplane,airplane,18,283,102.44,4.08,0.04,0.0,False
satmtb/airplane/34,airplane,airplane,19,283,97.96,4.66,0.048,0.0,False
satmtb/airplane/34,airplane,airplane,20,283,93.76,4.87,0.052,0.0,False
satmtb/airplane/34,airplane,airplane,21,283,110.46,6.05,0.055,0.0,False
satmtb/airplane/34,airplane,airplane,22,283,54.56,8.47,0.155,0.0,False
satmtb/airplane/35,airplane,airplane,1,283,58.14,34.68,0.596,1.0,True
satmtb/airplane/35,airplane,airplane,2,283,110.55,5.62,0.051,0.0,False
satmtb/airplane/35,airplane,airplane,3,283,112.56,4.13,0.037,0.0,False
satmtb/airplane/35,airplane,airplane,4,283,109.45,5.61,0.051,0.0,False
satmtb/airplane/35,airplane,airplane,5,283,109.47,5.41,0.049,0.0,False
satmtb/airplane/35,airplane,airplane,6,283,109.49,4.25,0.039,0.0,False
satmtb/airplane/35,airplane,airplane,7,283,110.08,4.25,0.039,0.0,False
satmtb/airplane/35,airplane,airplane,8,283,102.5,1.95,0.019,0.0,False
satmtb/airplane/35,airplane,airplane,9,283,101.34,4.5,0.044,0.0,False
satmtb/airplane/35,airplane,airplane,10,283,109.45,4.4,0.04,0.0,False
satmtb/airplane/35,airplane,airplane,11,283,109.69,5.45,0.05,0.0,False
satmtb/airplane/35,airplane,airplane,12,283,99.43,4.63,0.047,0.0,False
satmtb/airplane/35,airplane,airplane,13,283,109.46,4.54,0.042,0.0,False
satmtb/airplane/35,airplane,airplane,14,283,57.58,4.6,0.08,0.0,False
satmtb/airplane/35,airplane,airplane,15,283,54.8,7.97,0.146,0.0,False
satmtb/airplane/35,airplane,airplane,16,283,55.98,8.55,0.153,0.0,False
satmtb/airplane/35,airplane,airplane,17,283,57.6,9.56,0.166,0.0,False
satmtb/airplane/35,airplane,airplane,18,283,56.58,7.93,0.14,0.0,False
satmtb/airplane/35,airplane,airplane,19,283,52.59,6.26,0.119,0.0,False
satmtb/airplane/35,airplane,airplane,20,283,52.26,6.96,0.133,0.0,False
satmtb/airplane/35,airplane,airplane,21,283,51.94,7.59,0.146,0.0,False
satmtb/airplane/35,airplane,airplane,22,283,53.02,7.55,0.142,0.0,False
satmtb/airplane/35,airplane,airplane,23,283,51.68,7.47,0.144,0.0,False
satmtb/airplane/36,airplane,airplane,1,324,105.13,6.63,0.063,0.0,False
satmtb/airplane/36,airplane,airplane,2,324,90.33,4.48,0.05,0.0,False
satmtb/airplane/36,airplane,airplane,3,324,88.51,6.14,0.069,0.0,False
satmtb/airplane/36,airplane,airplane,4,324,88.4,4.89,0.055,0.0,False
satmtb/airplane/36,airplane,airplane,5,324,75.28,7.1,0.094,0.0,False
satmtb/airplane/36,airplane,airplane,6,324,80.68,29.69,0.368,1.0,True
satmtb/airplane/36,airplane,airplane,7,324,80.19,9.42,0.117,0.0,False
satmtb/airplane/36,airplane,airplane,8,324,44.08,9.14,0.207,0.0,False
satmtb/airplane/36,airplane,airplane,9,324,61.32,7.24,0.118,0.0,False
satmtb/airplane/36,airplane,airplane,10,324,41.02,7.75,0.189,0.0,False
satmtb/airplane/36,airplane,airplane,11,324,41.39,7.54,0.182,0.0,False
satmtb/airplane/36,airplane,airplane,12,324,39.82,8.05,0.202,0.0,False
satmtb/airplane/36,airplane,airplane,13,324,52.25,5.95,0.114,0.0,False
satmtb/airplane/36,airplane,airplane,14,324,43.57,147.88,3.394,1.0,True
satmtb/airplane/36,airplane,airplane,15,324,68.12,6.07,0.089,0.0,False
satmtb/airplane/36,airplane,airplane,16,324,52.08,8.19,0.157,0.0,False
satmtb/airplane/36,airplane,airplane,17,324,67.59,6.0,0.089,0.0,False
satmtb/airplane/36,airplane,airplane,18,324,89.92,7.83,0.087,0.0,False
satmtb/airplane/36,airplane,airplane,19,324,87.92,6.75,0.077,0.0,False
satmtb/airplane/36,airplane,airplane,20,324,80.37,6.61,0.082,0.0,False
satmtb/airplane/36,airplane,airplane,21,324,113.08,6.02,0.053,0.0,False
satmtb/airplane/36,airplane,airplane,22,324,64.72,6.85,0.106,0.0,False
satmtb/airplane/36,airplane,airplane,23,324,48.44,7.02,0.145,0.0,False
satmtb/airplane/36,airplane,airplane,24,324,73.14,6.0,0.082,0.0,False
satmtb/airplane/36,airplane,airplane,25,324,83.51,6.14,0.074,0.0,False
satmtb/airplane/36,airplane,airplane,26,324,81.55,7.97,0.098,0.0,False
satmtb/airplane/36,airplane,airplane,27,324,105.39,7.56,0.072,0.0,False
satmtb/airplane/36,airplane,airplane,28,324,101.73,6.85,0.067,0.0,False
satmtb/airplane/36,airplane,airplane,29,324,93.44,10.88,0.116,0.0,False
satmtb/airplane/36,airplane,airplane,30,324,93.22,6.72,0.072,0.0,False
satmtb/airplane/36,airplane,airplane,31,324,89.69,7.72,0.086,0.0,False
satmtb/airplane/36,airplane,airplane,32,324,77.31,8.11,0.105,0.0,False
satmtb/airplane/36,airplane,airplane,33,324,91.93,8.04,0.087,0.0,False
satmtb/airplane/36,airplane,airplane,34,324,111.12,9.07,0.082,0.0,False
satmtb/airplane/36,airplane,airplane,35,324,111.8,6.92,0.062,0.0,False
satmtb/airplane/36,airplane,airplane,36,324,66.9,6.1,0.091,0.0,False
satmtb/airplane/36,airplane,airplane,37,324,29.92,6.22,0.208,0.0,False
satmtb/airplane/36,airplane,airplane,38,324,22.23,9.73,0.438,0.0,False
satmtb/airplane/37,airplane,airplane,1,140,47.72,39.53,0.828,1.0,True
satmtb/airplane/37,airplane,airplane,2,140,39.12,65.65,1.678,1.0,True
satmtb/airplane/37,airplane,airplane,3,140,64.17,3.03,0.047,0.0,False
satmtb/airplane/37,airplane,airplane,4,140,38.98,2.2,0.056,0.0,False
satmtb/airplane/37,airplane,airplane,5,140,35.07,2.67,0.076,0.0,False
satmtb/airplane/37,airplane,airplane,6,140,41.56,15.24,0.367,0.614,True
satmtb/airplane/37,airplane,airplane,7,140,38.16,1.56,0.041,0.0,False
satmtb/airplane/37,airplane,airplane,8,140,36.08,2.24,0.062,0.0,False
satmtb/airplane/37,airplane,airplane,9,140,37.33,2.58,0.069,0.0,False
satmtb/airplane/37,airplane,airplane,10,140,38.65,3.97,0.103,0.0,False
satmtb/airplane/37,airplane,airplane,11,140,67.33,3.36,0.05,0.0,False
satmtb/airplane/37,airplane,airplane,12,140,70.6,0.83,0.012,0.0,False
satmtb/airplane/37,airplane,airplane,13,140,31.59,2.54,0.08,0.0,False
satmtb/airplane/37,airplane,airplane,14,140,33.65,2.73,0.081,0.0,False
satmtb/airplane/37,airplane,airplane,15,140,50.06,2.4,0.048,0.0,False
satmtb/airplane/37,airplane,airplane,16,140,41.62,0.51,0.012,0.0,False
satmtb/airplane/37,airplane,airplane,17,140,46.17,0.32,0.007,0.0,False
satmtb/airplane/37,airplane,airplane,18,140,34.16,2.78,0.081,0.0,False
satmtb/airplane/37,airplane,airplane,19,140,56.56,5.79,0.102,0.0,False
satmtb/airplane/37,airplane,airplane,20,140,40.77,2.79,0.068,0.0,False
satmtb/airplane/37,airplane,airplane,21,140,41.02,0.58,0.014,0.0,False
satmtb/airplane/37,airplane,airplane,22,140,46.04,3.55,0.077,0.0,False
satmtb/airplane/37,airplane,airplane,23,140,39.26,1.91,0.049,0.0,False
satmtb/airplane/37,airplane,airplane,24,140,38.46,1.57,0.041,0.0,False
satmtb/airplane/37,airplane,airplane,25,140,42.63,3.97,0.093,0.0,False
satmtb/airplane/37,airplane,airplane,26,140,39.02,0.48,0.012,0.0,False
satmtb/airplane/37,airplane,airplane,27,140,37.64,2.06,0.055,0.0,False
satmtb/airplane/37,airplane,airplane,28,140,40.11,1.13,0.028,0.0,False
satmtb/airplane/38,airplane,airplane,1,140,60.7,2.39,0.039,0.0,False
satmtb/airplane/38,airplane,airplane,2,140,64.33,4.52,0.07,0.0,False
satmtb/airplane/38,airplane,airplane,3,140,62.41,3.95,0.063,0.0,False
satmtb/airplane/38,airplane,airplane,4,140,64.13,3.19,0.05,0.0,False
satmtb/airplane/38,airplane,airplane,5,144,39.44,40.87,1.036,0.833,True
satmtb/airplane/39,airplane,airplane,1,68,32.97,1.77,0.054,0.0,False
satmtb/airplane/39,airplane,airplane,2,68,34.26,1.6,0.047,0.0,False
satmtb/airplane/39,airplane,airplane,3,68,61.62,0.49,0.008,0.0,False
satmtb/airplane/39,airplane,airplane,4,68,32.95,0.0,0.0,0.0,False
satmtb/airplane/39,airplane,airplane,5,68,51.39,1.09,0.021,0.0,False
satmtb/airplane/39,airplane,airplane,6,68,52.96,1.68,0.032,0.0,False
satmtb/airplane/39,airplane,airplane,7,68,35.37,0.83,0.023,0.0,False
satmtb/airplane/39,airplane,airplane,8,68,31.49,0.55,0.017,0.0,False
satmtb/airplane/39,airplane,airplane,9,68,30.9,0.02,0.001,0.0,False
satmtb/airplane/39,airplane,airplane,10,68,31.88,0.66,0.021,0.0,False
satmtb/airplane/39,airplane,airplane,11,68,32.22,1.42,0.044,0.0,False
satmtb/airplane/39,airplane,airplane,12,68,37.98,0.39,0.01,0.0,False
satmtb/airplane/39,airplane,airplane,13,68,40.28,0.83,0.02,0.0,False
satmtb/airplane/39,airplane,airplane,14,68,33.16,1.39,0.042,0.0,False
satmtb/airplane/39,airplane,airplane,15,68,45.11,1.18,0.026,0.0,False
satmtb/airplane/39,airplane,airplane,16,68,33.6,1.3,0.039,0.0,False
satmtb/airplane/39,airplane,airplane,17,68,35.34,0.8,0.023,0.0,False
satmtb/airplane/39,airplane,airplane,18,68,31.41,1.24,0.04,0.0,False
satmtb/airplane/39,airplane,airplane,19,68,37.33,2.0,0.054,0.0,False
satmtb/airplane/39,airplane,airplane,20,68,33.38,0.81,0.024,0.0,False
satmtb/airplane/39,airplane,airplane,21,67,54.1,729.56,13.486,1.0,True
satmtb/airplane/40,airplane,airplane,1,325,67.22,162.83,2.422,1.0,True
satmtb/airplane/40,airplane,airplane,2,325,48.03,179.4,3.735,1.0,True
satmtb/airplane/40,airplane,airplane,3,325,61.94,21.73,0.351,0.0,False
satmtb/airplane/40,airplane,airplane,4,325,66.77,20.68,0.31,0.0,False
satmtb/airplane/40,airplane,airplane,5,325,63.21,22.43,0.355,0.0,False
satmtb/airplane/40,airplane,airplane,6,325,61.7,21.64,0.351,0.0,False
satmtb/airplane/40,airplane,airplane,7,325,64.08,16.63,0.259,0.0,False
satmtb/airplane/40,airplane,airplane,8,325,45.63,22.3,0.489,0.0,False
satmtb/airplane/40,airplane,airplane,9,325,56.51,20.31,0.359,0.0,False
satmtb/airplane/40,airplane,airplane,10,325,52.88,21.73,0.411,0.0,False
satmtb/airplane/40,airplane,airplane,11,325,80.16,19.07,0.238,0.0,False
satmtb/airplane/40,airplane,airplane,12,325,45.24,20.8,0.46,0.0,False
satmtb/airplane/40,airplane,airplane,13,325,49.35,20.68,0.419,0.0,False
satmtb/airplane/40,airplane,airplane,14,325,59.28,20.42,0.344,0.0,False
satmtb/airplane/40,airplane,airplane,15,325,51.57,19.85,0.385,0.0,False
satmtb/airplane/40,airplane,airplane,16,325,48.12,19.43,0.404,0.0,False
satmtb/airplane/40,airplane,airplane,17,325,47.79,15.92,0.333,0.0,False
satmtb/airplane/41,airplane,airplane,1,68,80.1,135.73,1.694,1.0,True
satmtb/airplane/41,airplane,airplane,2,68,30.62,652.21,21.3,1.0,True
satmtb/airplane/41,airplane,airplane,3,68,68.25,0.69,0.01,0.0,False
satmtb/airplane/41,airplane,airplane,4,68,79.79,0.0,0.0,0.0,False
satmtb/airplane/41,airplane,airplane,5,68,83.25,1.12,0.013,0.0,False
satmtb/airplane/41,airplane,airplane,6,68,76.67,1.14,0.015,0.0,False
satmtb/airplane/41,airplane,airplane,7,68,79.15,0.15,0.002,0.0,False
satmtb/airplane/41,airplane,airplane,8,68,41.05,0.95,0.023,0.0,False
satmtb/airplane/41,airplane,airplane,9,68,80.42,0.0,0.0,0.0,False
satmtb/airplane/41,airplane,airplane,10,68,47.09,0.0,0.0,0.0,False
satmtb/airplane/41,airplane,airplane,11,68,40.21,1.38,0.034,0.0,False
satmtb/airplane/41,airplane,airplane,12,68,39.29,0.27,0.007,0.0,False
satmtb/airplane/41,airplane,airplane,13,68,60.47,0.25,0.004,0.0,False
satmtb/airplane/41,airplane,airplane,14,68,59.17,0.71,0.012,0.0,False
satmtb/airplane/41,airplane,airplane,15,68,48.21,0.46,0.01,0.0,False
satmtb/airplane/41,airplane,airplane,16,68,77.1,0.9,0.012,0.0,False
satmtb/airplane/41,airplane,airplane,17,68,69.17,0.45,0.007,0.0,False
satmtb/airplane/41,airplane,airplane,18,68,78.16,0.0,0.0,0.0,False
satmtb/airplane/41,airplane,airplane,19,68,77.33,0.0,0.0,0.0,False
satmtb/airplane/41,airplane,airplane,20,68,72.23,0.75,0.01,0.0,False
satmtb/airplane/41,airplane,airplane,21,68,70.41,0.0,0.0,0.0,False
satmtb/airplane/41,airplane,airplane,22,68,69.68,1.02,0.015,0.0,False
satmtb/airplane/42,airplane,airplane,1,67,71.86,216.68,3.015,1.0,True
satmtb/airplane/42,airplane,airplane,2,67,78.24,0.0,0.0,0.0,False
satmtb/airplane/42,airplane,airplane,3,67,73.78,0.0,0.0,0.0,False
satmtb/airplane/42,airplane,airplane,4,67,73.3,0.0,0.0,0.0,False
satmtb/airplane/42,airplane,airplane,5,67,70.32,0.0,0.0,0.0,False
satmtb/airplane/42,airplane,airplane,6,67,65.76,0.0,0.0,0.0,False
satmtb/airplane/42,airplane,airplane,7,67,57.88,0.0,0.0,0.0,False
satmtb/airplane/42,airplane,airplane,8,67,70.41,0.0,0.0,0.0,False
satmtb/airplane/42,airplane,airplane,9,67,72.31,0.0,0.0,0.0,False
satmtb/airplane/42,airplane,airplane,10,67,76.15,0.0,0.0,0.0,False
satmtb/airplane/42,airplane,airplane,11,67,80.06,0.0,0.0,0.0,False
satmtb/airplane/42,airplane,airplane,12,67,81.1,0.0,0.0,0.0,False
satmtb/airplane/42,airplane,airplane,13,67,78.4,0.0,0.0,0.0,False
satmtb/airplane/43,airplane,airplane,1,141,46.5,0.0,0.0,0.0,False
satmtb/airplane/43,airplane,airplane,2,141,53.57,18.31,0.342,1.0,True
satmtb/airplane/43,airplane,airplane,3,141,55.58,0.0,0.0,0.0,False
satmtb/airplane/43,airplane,airplane,4,141,30.9,161.68,5.233,1.0,True
satmtb/airplane/43,airplane,airplane,5,141,29.73,658.22,22.14,1.0,True
satmtb/airplane/43,airplane,airplane,6,141,30.73,0.52,0.017,0.0,False
satmtb/airplane/43,airplane,airplane,7,141,31.18,1.29,0.041,0.0,False
satmtb/airplane/43,airplane,airplane,8,141,32.09,0.45,0.014,0.0,False
satmtb/airplane/43,airplane,airplane,9,141,36.54,0.0,0.0,0.0,False
satmtb/airplane/43,airplane,airplane,10,141,37.9,0.0,0.0,0.0,False
satmtb/airplane/43,airplane,airplane,11,141,27.14,0.05,0.002,0.0,False
satmtb/airplane/43,airplane,airplane,12,141,31.88,0.3,0.009,0.0,False
satmtb/airplane/43,airplane,airplane,13,141,27.43,0.05,0.002,0.0,False
satmtb/airplane/43,airplane,airplane,14,141,30.53,0.2,0.007,0.0,False
satmtb/airplane/43,airplane,airplane,15,141,31.02,0.2,0.006,0.0,False
satmtb/airplane/43,airplane,airplane,16,141,32.14,0.0,0.0,0.0,False
satmtb/airplane/44,airplane,airplane,1,22,67.45,239.04,3.544,0.955,True
satmtb/airplane/44,airplane,airplane,2,141,54.19,137.57,2.539,1.0,True
satmtb/airplane/44,airplane,airplane,3,141,42.73,83.94,1.964,1.0,True
satmtb/airplane/45,airplane,airplane,1,141,50.98,25.6,0.502,0.723,True
satmtb/airplane/45,airplane,airplane,2,141,65.17,29.74,0.456,1.0,True
satmtb/airplane/45,airplane,airplane,3,141,59.49,1.39,0.023,0.0,False
satmtb/airplane/45,airplane,airplane,4,141,41.24,108.2,2.624,1.0,True
satmtb/airplane/45,airplane,airplane,5,141,46.77,0.92,0.02,0.0,False
satmtb/airplane/45,airplane,airplane,6,141,39.34,0.0,0.0,0.0,False
satmtb/airplane/45,airplane,airplane,7,141,39.58,1.86,0.047,0.0,False
satmtb/airplane/45,airplane,airplane,8,141,41.65,0.0,0.0,0.0,False
satmtb/airplane/45,airplane,airplane,9,141,43.48,0.0,0.0,0.0,False
satmtb/airplane/45,airplane,airplane,10,141,48.65,1.06,0.022,0.0,False
satmtb/airplane/45,airplane,airplane,11,141,33.35,0.0,0.0,0.0,False
satmtb/airplane/45,airplane,airplane,12,141,41.6,0.0,0.0,0.0,False
satmtb/airplane/45,airplane,airplane,13,141,38.56,0.0,0.0,0.0,False
satmtb/airplane/45,airplane,airplane,14,141,35.38,0.0,0.0,0.0,False
satmtb/airplane/45,airplane,airplane,15,141,39.74,0.0,0.0,0.0,False
satmtb/airplane/45,airplane,airplane,16,141,39.07,0.0,0.0,0.0,False
satmtb/airplane/45,airplane,airplane,17,106,44.15,103.87,2.353,1.0,True
satmtb/airplane/46,airplane,airplane,1,143,50.67,0.0,0.0,0.0,False
satmtb/airplane/46,airplane,airplane,2,143,46.18,0.0,0.0,0.0,False
satmtb/airplane/46,airplane,airplane,3,143,48.28,0.0,0.0,0.0,False
satmtb/airplane/46,airplane,airplane,4,143,42.07,0.0,0.0,0.0,False
satmtb/airplane/46,airplane,airplane,5,143,38.63,0.0,0.0,0.0,False
satmtb/airplane/46,airplane,airplane,6,143,45.43,0.0,0.0,0.0,False
satmtb/airplane/46,airplane,airplane,7,143,65.44,31.72,0.485,1.0,True
satmtb/airplane/46,airplane,airplane,8,143,62.89,0.0,0.0,0.0,False
satmtb/airplane/46,airplane,airplane,9,143,76.19,0.0,0.0,0.0,False
satmtb/airplane/46,airplane,airplane,10,143,43.29,0.0,0.0,0.0,False
satmtb/airplane/46,airplane,airplane,11,143,44.41,52.25,1.176,1.0,True
satmtb/airplane/46,airplane,airplane,12,143,40.99,0.0,0.0,0.0,False
satmtb/airplane/46,airplane,airplane,13,143,45.75,0.0,0.0,0.0,False
satmtb/airplane/46,airplane,airplane,14,143,44.14,0.0,0.0,0.0,False
satmtb/airplane/46,airplane,airplane,15,143,47.82,0.0,0.0,0.0,False
satmtb/airplane/46,airplane,airplane,16,143,47.52,0.0,0.0,0.0,False
satmtb/airplane/46,airplane,airplane,17,143,35.35,0.0,0.0,0.0,False
satmtb/airplane/46,airplane,airplane,18,143,39.5,0.0,0.0,0.0,False
satmtb/airplane/46,airplane,airplane,19,143,42.74,0.0,0.0,0.0,False
satmtb/airplane/46,airplane,airplane,20,143,40.35,0.0,0.0,0.0,False
satmtb/airplane/46,airplane,airplane,21,143,39.23,107.9,2.75,1.0,True
satmtb/airplane/46,airplane,airplane,22,143,48.5,0.0,0.0,0.0,False
satmtb/airplane/46,airplane,airplane,23,143,39.41,0.0,0.0,0.0,False
satmtb/airplane/46,airplane,airplane,24,143,36.1,0.0,0.0,0.0,False
satmtb/airplane/46,airplane,airplane,25,143,41.25,0.0,0.0,0.0,False
satmtb/airplane/46,airplane,airplane,26,143,44.05,0.0,0.0,0.0,False
satmtb/airplane/46,airplane,airplane,27,143,35.01,0.0,0.0,0.0,False
satmtb/airplane/46,airplane,airplane,28,143,46.66,23.28,0.499,0.58,True
satmtb/airplane/46,airplane,airplane,29,143,45.1,108.83,2.413,1.0,True
satmtb/airplane/46,airplane,airplane,30,143,40.0,0.0,0.0,0.0,False
satmtb/airplane/47,airplane,airplane,1,45,45.4,0.0,0.0,0.0,False
satmtb/airplane/47,airplane,airplane,2,45,40.51,0.0,0.0,0.0,False
satmtb/airplane/47,airplane,airplane,3,45,65.56,0.0,0.0,0.0,False
satmtb/airplane/47,airplane,airplane,4,45,67.56,0.0,0.0,0.0,False
satmtb/airplane/47,airplane,airplane,5,45,74.76,26.79,0.358,1.0,True
satmtb/airplane/48,airplane,airplane,1,114,63.61,0.0,0.0,0.0,False
satmtb/airplane/48,airplane,airplane,2,114,66.48,0.0,0.0,0.0,False
satmtb/airplane/48,airplane,airplane,3,114,40.46,40.03,0.989,1.0,True
satmtb/airplane/48,airplane,airplane,4,114,35.42,0.89,0.025,0.0,False
satmtb/airplane/48,airplane,airplane,5,114,34.23,0.7,0.02,0.0,False
satmtb/airplane/48,airplane,airplane,6,114,32.08,0.66,0.02,0.0,False
satmtb/airplane/48,airplane,airplane,7,114,34.98,0.0,0.0,0.0,False
satmtb/airplane/48,airplane,airplane,8,114,38.43,0.0,0.0,0.0,False
satmtb/airplane/48,airplane,airplane,9,114,42.67,0.0,0.0,0.0,False
satmtb/airplane/48,airplane,airplane,10,114,32.32,0.0,0.0,0.0,False
satmtb/airplane/48,airplane,airplane,11,114,36.59,0.0,0.0,0.0,False
satmtb/airplane/48,airplane,airplane,12,114,38.87,0.0,0.0,0.0,False
satmtb/airplane/48,airplane,airplane,13,114,42.31,0.0,0.0,0.0,False
satmtb/airplane/48,airplane,airplane,14,114,42.77,178.73,4.178,1.0,True
satmtb/airplane/48,airplane,airplane,15,114,45.05,158.23,3.512,1.0,True
satmtb/airplane/48,airplane,airplane,16,114,42.67,0.0,0.0,0.0,False
satmtb/airplane/48,airplane,airplane,17,114,55.5,0.0,0.0,0.0,False
satmtb/airplane/49,airplane,airplane,1,140,40.66,1.21,0.03,0.0,False
satmtb/airplane/49,airplane,airplane,2,140,43.57,1.18,0.027,0.0,False
satmtb/airplane/49,airplane,airplane,3,140,45.99,184.7,4.016,1.0,True
satmtb/airplane/49,airplane,airplane,4,140,67.57,7.43,0.11,0.221,False
satmtb/airplane/50,airplane,airplane,1,141,58.93,0.39,0.007,0.0,False
satmtb/airplane/50,airplane,airplane,2,141,36.53,0.0,0.0,0.0,False
satmtb/airplane/50,airplane,airplane,3,141,40.47,0.0,0.0,0.0,False
satmtb/airplane/50,airplane,airplane,4,141,42.74,0.0,0.0,0.0,False
satmtb/airplane/50,airplane,airplane,5,141,41.83,0.0,0.0,0.0,False
satmtb/airplane/50,airplane,airplane,6,141,42.91,0.0,0.0,0.0,False
satmtb/airplane/50,airplane,airplane,7,141,40.64,4.16,0.102,0.128,False
satmtb/airplane/50,airplane,airplane,8,141,45.6,0.0,0.0,0.0,False
satmtb/airplane/50,airplane,airplane,9,141,35.74,0.0,0.0,0.0,False
satmtb/airplane/50,airplane,airplane,10,141,37.55,0.0,0.0,0.0,False
satmtb/airplane/50,airplane,airplane,11,141,34.04,100.96,2.966,1.0,True
satmtb/airplane/50,airplane,airplane,12,141,39.92,0.0,0.0,0.0,False
satmtb/airplane/50,airplane,airplane,13,141,38.13,0.0,0.0,0.0,False
satmtb/airplane/50,airplane,airplane,14,141,42.14,0.0,0.0,0.0,False
satmtb/airplane/50,airplane,airplane,15,141,32.75,0.5,0.015,0.0,False
satmtb/airplane/50,airplane,airplane,16,141,29.87,0.0,0.0,0.0,False
satmtb/airplane/50,airplane,airplane,17,141,43.25,0.0,0.0,0.0,False
satmtb/airplane/50,airplane,airplane,18,141,41.14,22.3,0.542,1.0,True
satmtb/airplane/50,airplane,airplane,19,141,32.16,19.21,0.597,1.0,True
satmtb/airplane/51,airplane,airplane,1,53,61.15,18.73,0.306,1.0,True
satmtb/airplane/51,airplane,airplane,2,53,45.45,0.0,0.0,0.0,False
satmtb/airplane/51,airplane,airplane,3,53,45.9,0.0,0.0,0.0,False
satmtb/airplane/51,airplane,airplane,4,53,34.72,0.0,0.0,0.0,False
satmtb/airplane/51,airplane,airplane,5,53,56.87,690.73,12.146,1.0,True
satmtb/airplane/52,airplane,airplane,1,137,43.27,793.31,18.335,1.0,True
satmtb/airplane/53,airplane,airplane,0001,326,50.36,16.27,0.323,0.0,False
satmtb/airplane/53,airplane,airplane,0002,326,41.99,16.18,0.385,0.0,False
satmtb/airplane/53,airplane,airplane,0003,326,19.6,18.26,0.932,0.0,False
satmtb/airplane/53,airplane,airplane,0004,326,18.15,19.15,1.055,0.0,False
satmtb/airplane/53,airplane,airplane,0005,326,51.89,17.7,0.341,0.0,False
satmtb/airplane/53,airplane,airplane,0006,326,19.43,19.27,0.992,0.0,False
satmtb/airplane/53,airplane,airplane,0007,326,23.56,18.69,0.793,0.0,False
satmtb/airplane/53,airplane,airplane,0008,326,21.12,19.84,0.939,0.0,False
satmtb/airplane/53,airplane,airplane,0009,326,22.25,19.84,0.892,0.0,False
satmtb/airplane/53,airplane,airplane,0010,326,13.3,20.31,1.527,0.0,False
satmtb/airplane/53,airplane,airplane,0011,326,14.21,21.0,1.477,0.0,False
satmtb/airplane/53,airplane,airplane,0012,326,16.3,19.63,1.205,0.0,False
satmtb/airplane/53,airplane,airplane,0013,327,21.17,164.16,7.754,1.0,True
satmtb/airplane/53,airplane,airplane,0014,326,41.26,27.44,0.665,1.0,True
satmtb/airplane/53,airplane,airplane,0015,326,39.72,301.01,7.579,1.0,True
satmtb/airplane/53,airplane,airplane,0016,326,30.28,15.1,0.499,0.0,False
satmtb/airplane/53,airplane,airplane,0017,326,30.74,19.55,0.636,0.0,False
satmtb/airplane/53,airplane,airplane,0018,326,34.12,15.26,0.447,0.0,False
satmtb/airplane/53,airplane,airplane,0019,326,32.32,16.56,0.513,0.0,False
satmtb/airplane/53,airplane,airplane,0020,326,33.49,18.0,0.537,0.0,False
satmtb/airplane/53,airplane,airplane,0021,327,32.76,190.99,5.83,0.997,True
satmtb/airplane/53,airplane,airplane,0022,326,24.99,74.43,2.979,1.0,True
satmtb/airplane/53,airplane,airplane,0024,2,10.14,19.82,1.956,0.0,False
satmtb/airplane/53,airplane,airplane,0025,2,10.85,19.24,1.773,0.0,False
satmtb/airplane/53,airplane,airplane,0026,2,9.65,20.16,2.089,0.0,False
satmtb/airplane/53,airplane,airplane,0023,298,36.02,1719.53,47.744,1.0,True
satmtb/airplane/54,airplane,airplane,0001,325,53.72,2.14,0.04,0.0,False
satmtb/airplane/54,airplane,airplane,0002,325,53.13,3.32,0.062,0.0,False
satmtb/airplane/54,airplane,airplane,0003,325,48.39,2.92,0.06,0.0,False
satmtb/airplane/54,airplane,airplane,0004,325,45.94,2.83,0.062,0.0,False
satmtb/airplane/54,airplane,airplane,0005,325,55.57,3.99,0.072,0.0,False
satmtb/airplane/54,airplane,airplane,0006,325,53.54,4.32,0.081,0.0,False
satmtb/airplane/54,airplane,airplane,0007,325,53.49,4.44,0.083,0.0,False
satmtb/airplane/54,airplane,airplane,0008,325,40.08,3.59,0.09,0.0,False
satmtb/airplane/54,airplane,airplane,0009,325,44.72,2.55,0.057,0.0,False
satmtb/airplane/54,airplane,airplane,0010,325,25.31,3.54,0.14,0.0,False
satmtb/airplane/54,airplane,airplane,0011,325,50.93,4.17,0.082,0.0,False
satmtb/airplane/54,airplane,airplane,0012,325,44.69,4.86,0.109,0.0,False
satmtb/airplane/54,airplane,airplane,0013,325,43.43,5.34,0.123,0.0,False
satmtb/airplane/54,airplane,airplane,0014,325,41.31,4.3,0.104,0.0,False
satmtb/airplane/54,airplane,airplane,0015,199,11.25,1174.16,104.395,1.0,True
satmtb/airplane/54,airplane,airplane,0016,325,19.33,281.86,14.583,1.0,True
satmtb/airplane/54,airplane,airplane,0017,35,46.96,198.17,4.22,1.0,True
satmtb/airplane/55,airplane,airplane,0001,325,24.87,1.39,0.056,0.0,False
satmtb/airplane/55,airplane,airplane,0002,325,26.03,1.62,0.062,0.0,False
satmtb/airplane/55,airplane,airplane,0003,325,26.65,1.67,0.063,0.0,False
satmtb/airplane/55,airplane,airplane,0004,325,25.06,1.15,0.046,0.0,False
satmtb/airplane/55,airplane,airplane,0005,325,24.99,0.39,0.015,0.0,False
satmtb/airplane/55,airplane,airplane,0006,325,24.99,0.59,0.024,0.0,False
satmtb/airplane/55,airplane,airplane,0007,325,26.72,1.35,0.05,0.0,False
satmtb/airplane/55,airplane,airplane,0008,325,34.94,2.1,0.06,0.0,False
satmtb/airplane/55,airplane,airplane,0009,325,33.46,2.02,0.06,0.0,False
satmtb/airplane/55,airplane,airplane,0010,325,12.38,2.53,0.205,0.0,False
satmtb/airplane/55,airplane,airplane,0011,325,39.03,2.55,0.065,0.0,False
satmtb/airplane/55,airplane,airplane,0012,325,38.74,0.9,0.023,0.0,False
satmtb/airplane/55,airplane,airplane,0013,325,38.38,0.84,0.022,0.0,False
satmtb/airplane/55,airplane,airplane,0014,325,28.89,4.09,0.141,0.0,False
satmtb/airplane/55,airplane,airplane,0015,325,28.94,2.18,0.075,0.0,False
satmtb/airplane/55,airplane,airplane,0016,325,28.66,2.98,0.104,0.0,False
satmtb/airplane/55,airplane,airplane,0017,325,10.48,3.23,0.308,0.0,False
satmtb/airplane/55,airplane,airplane,0018,325,10.41,3.55,0.341,0.0,False
satmtb/airplane/55,airplane,airplane,0019,325,45.4,1.71,0.038,0.0,False
satmtb/airplane/55,airplane,airplane,0020,325,36.41,3.73,0.102,0.0,False
satmtb/airplane/55,airplane,airplane,0021,325,37.73,2.69,0.071,0.0,False
satmtb/airplane/55,airplane,airplane,0022,325,36.38,1731.56,47.601,1.0,True
satmtb/airplane/55,airplane,airplane,0023,325,12.91,1.39,0.108,0.0,False
satmtb/airplane/55,airplane,airplane,0024,44,11.14,210.94,18.936,1.0,True
satmtb/airplane/56,airplane,airplane,0001,326,24.53,225.8,9.206,1.0,True
satmtb/airplane/56,airplane,airplane,0002,139,22.56,311.17,13.791,1.0,True
satmtb/airplane/57,airplane,airplane,0001,290,38.9,2.46,0.063,0.0,False
satmtb/airplane/57,airplane,airplane,0002,290,40.49,1.3,0.032,0.0,False
satmtb/airplane/57,airplane,airplane,0003,290,41.01,2.03,0.049,0.0,False
satmtb/airplane/57,airplane,airplane,0004,290,38.54,2.34,0.061,0.0,False
satmtb/airplane/57,airplane,airplane,0005,290,37.28,3.16,0.085,0.0,False
satmtb/airplane/57,airplane,airplane,0006,290,43.69,2.51,0.057,0.0,False
satmtb/airplane/57,airplane,airplane,0007,290,44.44,3.18,0.072,0.0,False
satmtb/airplane/57,airplane,airplane,0008,290,43.48,3.23,0.074,0.0,False
satmtb/airplane/57,airplane,airplane,0009,290,45.17,3.45,0.076,0.0,False
satmtb/airplane/57,airplane,airplane,0010,290,38.05,4.39,0.115,0.0,False
satmtb/airplane/57,airplane,airplane,0011,290,43.96,3.27,0.074,0.0,False
satmtb/airplane/57,airplane,airplane,0012,290,43.03,1.43,0.033,0.0,False
satmtb/airplane/57,airplane,airplane,0013,290,45.35,3.77,0.083,0.0,False
satmtb/airplane/57,airplane,airplane,0014,290,45.99,3.78,0.082,0.0,False
satmtb/airplane/57,airplane,airplane,0015,290,38.43,3.37,0.088,0.0,False
satmtb/airplane/57,airplane,airplane,0016,290,42.53,3.42,0.08,0.0,False
satmtb/airplane/57,airplane,airplane,0017,290,43.31,2.15,0.05,0.0,False
satmtb/airplane/57,airplane,airplane,0018,290,39.73,3.46,0.087,0.0,False
satmtb/airplane/57,airplane,airplane,0019,290,39.72,2.99,0.075,0.0,False
satmtb/airplane/57,airplane,airplane,0020,290,44.28,2.68,0.061,0.0,False
satmtb/airplane/57,airplane,airplane,0021,290,44.04,2.43,0.055,0.0,False
satmtb/airplane/57,airplane,airplane,0022,290,39.69,2.04,0.051,0.0,False
satmtb/airplane/57,airplane,airplane,0023,290,43.94,2.91,0.066,0.0,False
satmtb/airplane/57,airplane,airplane,0024,290,21.58,22.19,1.028,1.0,True
satmtb/airplane/57,airplane,airplane,0025,290,43.22,37.94,0.878,1.0,True
satmtb/airplane/57,airplane,airplane,0026,290,38.42,156.03,4.062,1.0,True
satmtb/airplane/58,airplane,airplane,0001,143,23.11,140.94,6.1,1.0,True
satmtb/airplane/58,airplane,airplane,0002,69,25.98,44.5,1.713,1.0,True
satmtb/airplane/59,airplane,airplane,0001,144,47.38,3.55,0.075,0.0,False
satmtb/airplane/59,airplane,airplane,0002,144,28.58,3.46,0.121,0.0,False
satmtb/airplane/59,airplane,airplane,0003,144,29.12,129.87,4.459,1.0,True
satmtb/airplane/59,airplane,airplane,0004,144,50.48,2.43,0.048,0.0,False
satmtb/airplane/60,airplane,airplane,0001,143,27.04,184.4,6.818,1.0,True
satmtb/airplane/60,airplane,airplane,0002,143,28.02,163.33,5.829,1.0,True
satmtb/airplane/60,airplane,airplane,0003,143,41.11,0.71,0.017,0.0,False
satmtb/airplane/60,airplane,airplane,0004,143,27.18,0.97,0.036,0.0,False
satmtb/airplane/60,airplane,airplane,0005,143,42.21,1.21,0.029,0.0,False
satmtb/airplane/60,airplane,airplane,0006,143,29.23,0.0,0.0,0.0,False
satmtb/airplane/60,airplane,airplane,0007,143,24.89,0.0,0.0,0.0,False
satmtb/airplane/60,airplane,airplane,0008,143,43.36,0.0,0.0,0.0,False
satmtb/airplane/60,airplane,airplane,0009,143,27.54,0.55,0.02,0.0,False
satmtb/airplane/60,airplane,airplane,0010,143,25.27,5.2,0.206,0.0,False
satmtb/airplane/60,airplane,airplane,0011,143,23.45,0.0,0.0,0.0,False
satmtb/airplane/60,airplane,airplane,0012,143,22.42,0.0,0.0,0.0,False
satmtb/airplane/60,airplane,airplane,0013,143,26.43,0.4,0.015,0.0,False
satmtb/airplane/60,airplane,airplane,0014,143,23.79,0.36,0.015,0.0,False
satmtb/airplane/60,airplane,airplane,0015,143,22.56,36.93,1.637,1.0,True
satmtb/airplane/60,airplane,airplane,0016,143,24.87,0.99,0.04,0.0,False
satmtb/airplane/60,airplane,airplane,0017,143,23.94,0.89,0.037,0.0,False
satmtb/airplane/60,airplane,airplane,0018,143,24.28,1.07,0.044,0.0,False
satmtb/airplane/60,airplane,airplane,0019,143,37.68,0.0,0.0,0.0,False
satmtb/airplane/60,airplane,airplane,0020,143,19.16,0.37,0.019,0.0,False
satmtb/airplane/60,airplane,airplane,0021,143,24.55,2.24,0.091,0.0,False
satmtb/airplane/60,airplane,airplane,0022,143,20.59,0.99,0.048,0.0,False
satmtb/airplane/60,airplane,airplane,0023,143,23.89,1.49,0.063,0.0,False
satmtb/airplane/60,airplane,airplane,0024,143,26.04,0.0,0.0,0.0,False
satmtb/airplane/61,airplane,airplane,0001,144,28.51,0.0,0.0,0.0,False
satmtb/airplane/61,airplane,airplane,0002,144,32.94,0.0,0.0,0.0,False
satmtb/airplane/61,airplane,airplane,0003,144,35.19,0.0,0.0,0.0,False
satmtb/airplane/61,airplane,airplane,0004,144,30.92,0.0,0.0,0.0,False
satmtb/airplane/61,airplane,airplane,0005,144,31.73,0.0,0.0,0.0,False
satmtb/airplane/61,airplane,airplane,0006,144,32.57,0.0,0.0,0.0,False
satmtb/airplane/61,airplane,airplane,0007,144,32.64,0.0,0.0,0.0,False
satmtb/airplane/61,airplane,airplane,0008,144,36.61,0.0,0.0,0.0,False
satmtb/airplane/61,airplane,airplane,0009,144,38.03,0.0,0.0,0.0,False
satmtb/airplane/61,airplane,airplane,0010,144,34.53,0.0,0.0,0.0,False
satmtb/airplane/61,airplane,airplane,0011,144,35.24,0.0,0.0,0.0,False
satmtb/airplane/61,airplane,airplane,0012,144,54.62,54.22,0.993,1.0,True
satmtb/airplane/61,airplane,airplane,0013,144,33.53,135.48,4.041,1.0,True
satmtb/airplane/61,airplane,airplane,0014,144,34.95,2.41,0.069,0.0,False
satmtb/airplane/62,airplane,airplane,0001,78,35.24,497.76,14.126,1.0,True
satmtb/airplane/62,airplane,airplane,0002,206,40.08,169.43,4.227,1.0,True
satmtb/airplane/63,airplane,airplane,0001,432,26.17,0.0,0.0,0.0,False
satmtb/airplane/63,airplane,airplane,0002,432,26.04,0.0,0.0,0.0,False
satmtb/airplane/63,airplane,airplane,0003,432,25.18,0.0,0.0,0.0,False
satmtb/airplane/63,airplane,airplane,0004,432,25.59,0.0,0.0,0.0,False
satmtb/airplane/63,airplane,airplane,0005,432,23.17,0.0,0.0,0.0,False
satmtb/airplane/63,airplane,airplane,0006,432,26.96,0.0,0.0,0.0,False
satmtb/airplane/63,airplane,airplane,0007,432,25.55,0.0,0.0,0.0,False
satmtb/airplane/63,airplane,airplane,0008,432,25.27,0.0,0.0,0.0,False
satmtb/airplane/63,airplane,airplane,0009,432,27.22,0.0,0.0,0.0,False
satmtb/airplane/63,airplane,airplane,0010,432,26.41,0.0,0.0,0.0,False
satmtb/airplane/63,airplane,airplane,0011,432,27.24,0.0,0.0,0.0,False
satmtb/airplane/63,airplane,airplane,0012,432,23.08,0.0,0.0,0.0,False
satmtb/airplane/63,airplane,airplane,0013,432,23.81,0.0,0.0,0.0,False
satmtb/airplane/63,airplane,airplane,0014,432,24.72,0.0,0.0,0.0,False
satmtb/airplane/63,airplane,airplane,0015,432,26.46,0.0,0.0,0.0,False
satmtb/airplane/63,airplane,airplane,0016,432,29.68,18.61,0.627,1.0,True
satmtb/airplane/63,airplane,airplane,0017,432,40.76,0.0,0.0,0.0,False
satmtb/airplane/63,airplane,airplane,0018,432,25.54,0.0,0.0,0.0,False
satmtb/airplane/63,airplane,airplane,0019,432,24.97,1.25,0.05,0.0,False
satmtb/airplane/63,airplane,airplane,0020,432,24.15,5.04,0.209,1.0,True
satmtb/airplane/63,airplane,airplane,0021,432,23.43,0.0,0.0,0.0,False
satmtb/airplane/63,airplane,airplane,0022,432,25.17,0.0,0.0,0.0,False
satmtb/airplane/63,airplane,airplane,0023,432,24.2,0.0,0.0,0.0,False
satmtb/airplane/63,airplane,airplane,0024,432,22.48,0.0,0.0,0.0,False
satmtb/airplane/63,airplane,airplane,0025,432,24.49,0.0,0.0,0.0,False
satmtb/airplane/63,airplane,airplane,0026,432,24.16,0.0,0.0,0.0,False
satmtb/airplane/63,airplane,airplane,0027,432,42.31,43.75,1.034,1.0,True
satmtb/airplane/63,airplane,airplane,0028,432,23.33,22.99,0.986,1.0,True
satmtb/airplane/63,airplane,airplane,0029,432,23.74,95.61,4.027,1.0,True
satmtb/ship/01,ship,ship,1,187,31.88,128.27,4.023,1.0,True
satmtb/ship/02,ship,ship,1,287,21.87,137.63,6.293,1.0,True
satmtb/ship/03,ship,ship,1,287,15.69,143.12,9.12,1.0,True
satmtb/ship/04,ship,ship,1,287,14.23,316.37,22.234,1.0,True
satmtb/ship/04,ship,ship,2,287,14.23,326.13,22.927,1.0,True
satmtb/ship/04,ship,ship,3,287,10.01,148.17,14.796,1.0,True
satmtb/ship/05,ship,ship,1,287,30.29,188.25,6.214,0.0,False
satmtb/ship/05,ship,ship,5,287,26.62,195.05,7.328,1.0,True
satmtb/ship/05,ship,ship,6,287,15.84,260.11,16.425,1.0,True
satmtb/ship/05,ship,ship,7,287,24.5,148.92,6.078,1.0,True
satmtb/ship/05,ship,ship,8,287,18.66,179.35,9.611,0.0,False
satmtb/ship/05,ship,ship,9,287,22.77,182.08,7.997,0.0,False
satmtb/ship/06,ship,ship,1,287,31.76,59.21,1.864,1.0,True
satmtb/ship/06,ship,ship,2,287,29.54,209.76,7.1,1.0,True
satmtb/ship/07,ship,ship,1,325,95.42,5.14,0.054,0.0,False
satmtb/ship/07,ship,ship,2,325,34.38,176.22,5.126,1.0,True
satmtb/ship/07,ship,ship,3,325,53.05,194.38,3.664,1.0,True
satmtb/ship/07,ship,ship,4,325,95.77,9.57,0.1,0.0,False
satmtb/ship/07,ship,ship,5,325,58.03,8.5,0.146,0.0,False
satmtb/ship/07,ship,ship,6,325,55.67,3.36,0.06,0.0,False
satmtb/ship/07,ship,ship,7,325,56.99,0.0,0.0,0.0,False
satmtb/ship/07,ship,ship,8,325,70.92,1.71,0.024,0.0,False
satmtb/ship/07,ship,ship,9,325,57.93,2.51,0.043,0.0,False
satmtb/ship/07,ship,ship,10,325,72.51,0.0,0.0,0.0,False
satmtb/ship/07,ship,ship,11,325,67.64,1.38,0.02,0.0,False
satmtb/ship/07,ship,ship,12,325,67.32,0.0,0.0,0.0,False
satmtb/ship/07,ship,ship,13,325,66.51,4.53,0.068,0.0,False
satmtb/ship/07,ship,ship,14,325,54.48,1.64,0.03,0.0,False
satmtb/ship/07,ship,ship,15,325,56.53,0.0,0.0,0.0,False
satmtb/ship/07,ship,ship,16,325,54.77,0.0,0.0,0.0,False
satmtb/ship/07,ship,ship,17,325,63.83,3.06,0.048,0.0,False
satmtb/ship/07,ship,ship,18,325,57.17,1.55,0.027,0.0,False
satmtb/ship/07,ship,ship,19,325,70.64,0.0,0.0,0.0,False
satmtb/ship/07,ship,ship,20,325,67.08,1.91,0.028,0.0,False
satmtb/ship/07,ship,ship,21,325,51.22,0.1,0.002,0.0,False
satmtb/ship/07,ship,ship,22,325,49.58,2.36,0.048,0.0,False
satmtb/ship/08,ship,ship,1,247,33.84,231.68,6.846,0.0,False
satmtb/ship/08,ship,ship,4,161,16.43,156.97,9.554,0.932,True
satmtb/ship/08,ship,ship,5,78,12.15,68.72,5.658,0.0,False
satmtb/ship/08,ship,ship,2,223,26.34,224.37,8.519,1.0,True
satmtb/ship/08,ship,ship,3,185,25.51,175.14,6.865,0.011,False
satmtb/ship/08,ship,ship,6,143,8.27,105.1,12.704,1.0,True
satmtb/ship/08,ship,ship,7,34,32.39,29.18,0.901,1.0,True
satmtb/ship/09,ship,ship,1,290,25.79,238.46,9.247,1.0,True
satmtb/ship/10,ship,ship,1,313,29.64,9.26,0.312,0.0,False
satmtb/ship/10,ship,ship,2,313,44.1,6.42,0.146,0.0,False
satmtb/ship/10,ship,ship,3,313,70.64,9.34,0.132,0.0,False
satmtb/ship/10,ship,ship,4,313,40.51,9.25,0.228,0.0,False
satmtb/ship/10,ship,ship,5,313,14.39,138.45,9.618,1.0,True
satmtb/ship/11,ship,ship,1,187,16.63,99.95,6.009,1.0,True
satmtb/ship/12,ship,ship,1,187,13.65,103.32,7.572,1.0,True
satmtb/ship/12,ship,ship,2,187,10.71,147.27,13.757,1.0,True
satmtb/ship/13,ship,ship,1,187,87.91,4.19,0.048,0.0,False
satmtb/ship/13,ship,ship,2,187,8.42,15.98,1.897,0.0,False
satmtb/ship/13,ship,ship,3,187,34.42,99.2,2.882,1.0,True
satmtb/ship/14,ship,ship,1,307,24.53,264.52,10.785,1.0,True
satmtb/ship/14,ship,ship,2,307,31.59,231.62,7.333,1.0,True
satmtb/ship/14,ship,ship,3,307,31.23,178.72,5.723,1.0,True
satmtb/ship/14,ship,ship,4,307,55.81,89.96,1.612,0.238,False
satmtb/ship/15,ship,ship,1,307,34.85,138.07,3.962,1.0,True
satmtb/ship/15,ship,ship,2,307,46.47,59.48,1.28,1.0,True
satmtb/ship/16,ship,ship,1,312,22.81,153.48,6.729,1.0,True
satmtb/ship/16,ship,ship,2,312,39.75,85.37,2.148,1.0,True
satmtb/ship/16,ship,ship,3,312,21.8,260.96,11.972,1.0,True
satmtb/ship/16,ship,ship,4,312,30.62,53.69,1.754,1.0,True
satmtb/ship/16,ship,ship,5,312,17.83,314.09,17.612,1.0,True
satmtb/ship/17,ship,ship,1,312,57.41,182.21,3.174,1.0,True
satmtb/ship/17,ship,ship,2,147,13.91,59.36,4.268,0.986,True
satmtb/ship/17,ship,ship,3,312,46.21,161.02,3.485,1.0,True
satmtb/ship/18,ship,ship,1,56,56.37,71.14,1.262,1.0,True
satmtb/ship/19,ship,ship,1,262,16.65,572.06,34.348,1.0,True
satmtb/ship/20,ship,ship,1,139,59.27,4.39,0.074,0.0,False
satmtb/ship/20,ship,ship,2,139,28.51,125.55,4.403,1.0,True
satmtb/ship/20,ship,ship,3,139,83.68,7.52,0.09,0.0,False
satmtb/ship/20,ship,ship,4,139,61.44,4.36,0.071,0.0,False
satmtb/ship/21,ship,ship,1,139,10.28,82.41,8.018,1.0,True
satmtb/ship/21,ship,ship,2,139,14.08,99.97,7.101,1.0,True
satmtb/ship/22,ship,ship,1,139,6.28,32.48,5.174,1.0,True
satmtb/ship/22,ship,ship,2,139,6.25,180.67,28.907,1.0,True
satmtb/ship/22,ship,ship,3,139,6.48,121.0,18.666,1.0,True
satmtb/ship/22,ship,ship,4,139,5.6,54.88,9.797,1.0,True
satmtb/ship/22,ship,ship,5,71,12.71,55.36,4.354,1.0,True
satmtb/ship/22,ship,ship,6,128,10.0,80.78,8.08,1.0,True
satmtb/ship/23,ship,ship,1,138,21.87,215.63,9.859,1.0,True
satmtb/ship/23,ship,ship,2,138,10.93,198.21,18.131,1.0,True
satmtb/ship/24,ship,ship,1,138,11.82,322.05,27.256,1.0,True
satmtb/ship/24,ship,ship,2,138,13.41,324.06,24.163,1.0,True
satmtb/ship/25,ship,ship,1,77,3.13,92.91,29.679,1.0,True
satmtb/ship/25,ship,ship,2,77,3.18,102.95,32.389,1.0,True
satmtb/ship/25,ship,ship,3,77,3.33,100.96,30.322,1.0,True
satmtb/ship/25,ship,ship,4,77,3.22,108.63,33.72,1.0,True
satmtb/ship/25,ship,ship,5,77,3.54,88.7,25.028,1.0,True
satmtb/ship/25,ship,ship,6,77,3.39,109.0,32.127,1.0,True
satmtb/ship/25,ship,ship,7,77,4.31,109.77,25.477,1.0,True
satmtb/ship/25,ship,ship,8,77,3.86,121.64,31.477,1.0,True
satmtb/ship/25,ship,ship,9,77,8.63,110.47,12.797,1.0,True
satmtb/ship/25,ship,ship,10,77,10.94,109.75,10.033,1.0,True
satmtb/ship/26,ship,ship,1,138,10.94,319.56,29.217,1.0,True
satmtb/ship/27,ship,ship,1,313,14.33,170.68,11.91,1.0,True
satmtb/ship/27,ship,ship,2,313,13.0,281.13,21.622,1.0,True
satmtb/ship/28,ship,ship,1,135,19.67,91.06,4.629,1.0,True
satmtb/ship/28,ship,ship,2,135,37.01,65.75,1.777,1.0,True
satmtb/ship/28,ship,ship,3,135,31.99,161.97,5.063,1.0,True
satmtb/ship/29,ship,ship,1,295,19.73,186.32,9.446,1.0,True
satmtb/ship/29,ship,ship,2,295,28.55,160.7,5.629,1.0,True
satmtb/ship/30,ship,ship,1,313,17.73,195.77,11.042,1.0,True
satmtb/ship/30,ship,ship,2,313,16.58,101.02,6.093,1.0,True
satmtb/ship/30,ship,ship,3,313,12.9,5.43,0.421,0.0,False
satmtb/ship/30,ship,ship,4,313,6.1,5.57,0.914,0.0,False
satmtb/ship/30,ship,ship,5,313,12.66,5.22,0.412,0.0,False
satmtb/ship/30,ship,ship,6,313,6.89,5.08,0.738,0.0,False
satmtb/ship/30,ship,ship,7,313,6.57,4.3,0.655,0.0,False
satmtb/ship/30,ship,ship,8,313,5.45,4.54,0.832,0.0,False
satmtb/ship/30,ship,ship,9,313,4.92,4.45,0.905,0.0,False
satmtb/ship/30,ship,ship,10,313,7.92,5.63,0.711,0.0,False
satmtb/ship/30,ship,ship,11,313,13.43,3.34,0.249,0.0,False
satmtb/ship/30,ship,ship,12,313,6.06,4.81,0.793,0.0,False
satmtb/ship/30,ship,ship,13,313,6.53,4.63,0.71,0.0,False
satmtb/ship/30,ship,ship,14,313,10.0,3.84,0.384,0.0,False
satmtb/ship/30,ship,ship,15,313,5.87,7.14,1.217,0.0,False
satmtb/ship/30,ship,ship,16,313,4.15,5.65,1.363,0.0,False
satmtb/ship/30,ship,ship,17,313,4.05,3.71,0.916,0.0,False
satmtb/ship/30,ship,ship,18,313,3.98,3.05,0.766,0.0,False
satmtb/ship/30,ship,ship,19,313,12.45,5.33,0.428,0.0,False
satmtb/ship/30,ship,ship,20,313,7.08,4.5,0.635,0.0,False
satmtb/ship/30,ship,ship,21,313,3.95,92.17,23.35,1.0,True
satmtb/ship/30,ship,ship,23,313,29.36,418.11,14.241,1.0,True
satmtb/ship/30,ship,ship,22,167,11.81,44.46,3.763,1.0,True
satmtb/ship/31,ship,ship,1,314,16.79,126.44,7.532,1.0,True
satmtb/ship/31,ship,ship,2,313,13.85,11.13,0.804,0.0,False
satmtb/ship/31,ship,ship,3,313,8.84,7.26,0.821,0.0,False
satmtb/ship/31,ship,ship,4,313,9.73,6.22,0.639,0.0,False
satmtb/ship/31,ship,ship,5,313,27.13,6.93,0.255,0.0,False
satmtb/ship/32,ship,ship,1,313,10.69,104.89,9.81,1.0,True
satmtb/ship/32,ship,ship,2,313,9.43,142.77,15.138,1.0,True
satmtb/ship/32,ship,ship,3,313,15.5,269.82,17.409,1.0,True
satmtb/ship/32,ship,ship,4,313,19.18,217.87,11.362,1.0,True
satmtb/ship/32,ship,ship,5,313,20.12,196.95,9.786,1.0,True
satmtb/ship/32,ship,ship,6,313,16.81,213.88,12.724,1.0,True
satmtb/ship/33,ship,ship,1,232,7.51,60.9,8.107,1.0,True
satmtb/ship/33,ship,ship,2,232,8.54,56.57,6.627,1.0,True
satmtb/ship/33,ship,ship,3,232,22.17,8.23,0.371,0.0,False
satmtb/ship/33,ship,ship,4,232,15.43,91.88,5.953,1.0,True
satmtb/ship/33,ship,ship,5,232,13.54,168.43,12.442,1.0,True
satmtb/ship/34,ship,ship,1,313,48.13,200.91,4.174,1.0,True
satmtb/ship/34,ship,ship,2,313,20.19,136.96,6.783,1.0,True
satmtb/ship/34,ship,ship,3,313,58.9,23.48,0.399,0.0,False
satmtb/ship/34,ship,ship,4,313,66.59,15.25,0.229,0.0,False
satmtb/ship/34,ship,ship,5,313,81.22,6.42,0.079,0.0,False
satmtb/ship/35,ship,ship,1,313,31.89,148.87,4.668,1.0,True
satmtb/ship/36,ship,ship,1,313,14.24,277.29,19.479,1.0,True
satmtb/ship/36,ship,ship,2,313,27.71,305.56,11.028,1.0,True
satmtb/ship/36,ship,ship,3,313,40.71,332.59,8.17,1.0,True
satmtb/ship/36,ship,ship,4,313,14.41,40.34,2.8,1.0,True
satmtb/ship/37,ship,ship,1,303,5.49,113.36,20.66,1.0,True
satmtb/ship/37,ship,ship,2,303,3.8,105.16,27.704,1.0,True
satmtb/ship/37,ship,ship,3,303,10.19,108.38,10.635,1.0,True
satmtb/ship/37,ship,ship,4,303,12.79,158.44,12.384,1.0,True
satmtb/ship/37,ship,ship,5,303,8.49,140.8,16.578,1.0,True
satmtb/ship/37,ship,ship,6,303,8.67,137.99,15.914,1.0,True
satmtb/ship/37,ship,ship,7,303,5.38,135.2,25.12,1.0,True
satmtb/ship/37,ship,ship,8,303,9.83,186.66,18.99,1.0,True
satmtb/ship/37,ship,ship,9,303,23.77,136.36,5.736,1.0,True
satmtb/ship/37,ship,ship,10,303,38.94,177.31,4.554,1.0,True
satmtb/ship/37,ship,ship,11,303,34.64,164.98,4.763,1.0,True
satmtb/ship/37,ship,ship,12,303,24.64,37.77,1.533,0.399,False
satmtb/ship/37,ship,ship,13,303,35.93,12.64,0.352,0.0,False
satmtb/ship/37,ship,ship,14,303,8.57,125.99,14.698,1.0,True
satmtb/ship/38,ship,ship,1,303,19.34,109.76,5.676,1.0,True
satmtb/ship/38,ship,ship,2,303,28.86,357.8,12.399,1.0,True
satmtb/ship/38,ship,ship,3,303,27.66,203.82,7.369,1.0,True
satmtb/ship/39,ship,ship,1,303,28.09,10.98,0.391,0.0,False
satmtb/ship/39,ship,ship,2,303,18.93,12.18,0.643,0.0,False
satmtb/ship/39,ship,ship,3,303,18.34,13.03,0.711,0.0,False
satmtb/ship/39,ship,ship,4,303,23.69,13.42,0.566,0.0,False
satmtb/ship/39,ship,ship,5,303,15.45,11.57,0.749,0.0,False
satmtb/ship/39,ship,ship,6,303,27.14,9.56,0.352,0.0,False
satmtb/ship/39,ship,ship,7,303,32.5,10.41,0.32,0.0,False
satmtb/ship/39,ship,ship,8,303,29.4,12.3,0.418,0.0,False
satmtb/ship/39,ship,ship,9,303,28.18,12.13,0.43,0.0,False
satmtb/ship/39,ship,ship,10,303,23.2,116.41,5.018,0.0,False
satmtb/ship/39,ship,ship,11,303,10.36,97.84,9.44,0.0,False
satmtb/ship/39,ship,ship,12,303,13.06,195.66,14.981,0.0,False
satmtb/ship/39,ship,ship,13,303,19.35,137.35,7.099,0.0,False
satmtb/ship/39,ship,ship,14,303,21.13,135.36,6.407,0.0,False
satmtb/ship/39,ship,ship,15,303,29.9,11.58,0.387,0.0,False
satmtb/ship/39,ship,ship,16,303,23.3,82.62,3.545,0.0,False
satmtb/ship/39,ship,ship,17,303,39.09,11.82,0.303,0.0,False
satmtb/ship/39,ship,ship,18,303,46.39,12.11,0.261,0.0,False
satmtb/ship/40,ship,ship,1,237,24.65,153.26,6.217,1.0,True
satmtb/ship/40,ship,ship,2,237,27.1,134.13,4.95,1.0,True
satmtb/ship/40,ship,ship,3,237,18.26,94.75,5.19,1.0,True
satmtb/ship/40,ship,ship,4,237,36.58,29.87,0.817,1.0,True
satmtb/ship/40,ship,ship,5,237,21.62,14.92,0.69,0.0,False
satmtb/ship/40,ship,ship,6,237,10.72,17.49,1.631,0.0,False
satmtb/ship/40,ship,ship,8,237,46.57,6.03,0.13,0.0,False
satmtb/ship/40,ship,ship,9,237,21.83,4.26,0.195,0.0,False
satmtb/ship/40,ship,ship,10,237,18.33,78.54,4.285,1.0,True
satmtb/ship/40,ship,airplane,7,17,58.77,250.46,4.262,1.0,True
satmtb/ship/41,ship,ship,1,138,23.86,97.62,4.092,1.0,True
satmtb/ship/41,ship,ship,2,138,24.4,102.77,4.213,1.0,True
satmtb/ship/41,ship,ship,3,69,6.62,34.83,5.264,0.986,True
satmtb/ship/42,ship,ship,1,138,12.71,347.64,27.349,1.0,True
satmtb/ship/43,ship,ship,1,138,22.29,122.23,5.483,1.0,True
satmtb/ship/43,ship,ship,2,138,10.95,291.81,26.652,1.0,True
satmtb/ship/44,ship,ship,1,139,16.92,102.44,6.055,1.0,True
satmtb/ship/44,ship,ship,2,139,28.89,110.01,3.809,1.0,True
satmtb/ship/44,ship,ship,3,139,84.72,3.06,0.036,0.0,False
satmtb/ship/44,ship,ship,4,139,41.54,5.17,0.124,0.0,False
satmtb/ship/44,ship,ship,5,139,78.95,4.33,0.055,0.0,False
satmtb/ship/44,ship,ship,6,139,29.28,3.43,0.117,0.0,False
satmtb/ship/44,ship,ship,7,139,67.77,4.16,0.061,0.0,False
satmtb/ship/44,ship,ship,8,139,91.93,1.24,0.013,0.0,False
satmtb/ship/44,ship,ship,9,139,23.36,1.52,0.065,0.0,False
satmtb/ship/44,ship,ship,10,139,87.41,1.66,0.019,0.0,False
satmtb/ship/44,ship,ship,11,139,75.83,4.01,0.053,0.0,False
satmtb/ship/44,ship,ship,12,139,68.51,4.42,0.064,0.0,False
satmtb/ship/44,ship,ship,13,139,18.61,5.29,0.284,0.0,False
satmtb/ship/44,ship,ship,14,139,18.7,6.01,0.321,0.0,False
satmtb/ship/44,ship,ship,15,139,8.72,334.51,38.342,1.0,True
satmtb/ship/45,ship,ship,1,139,179.68,79.63,0.443,1.0,True
satmtb/ship/45,ship,ship,2,139,39.76,54.89,1.38,1.0,True
satmtb/ship/45,ship,ship,3,2,91.51,3.66,0.04,0.0,False
satmtb/ship/45,ship,ship,4,2,85.49,4.13,0.048,0.0,False
satmtb/ship/45,ship,ship,5,139,28.75,108.76,3.783,1.0,True
satmtb/ship/45,ship,ship,6,59,10.67,25.14,2.356,1.0,True
satmtb/ship/46,ship,ship,1,139,18.95,122.77,6.479,1.0,True
satmtb/ship/47,ship,ship,2,85,8.87,56.54,6.376,1.0,True
satmtb/ship/47,ship,ship,3,85,15.53,212.25,13.668,1.0,True
satmtb/ship/47,ship,ship,4,2,12.22,3.32,0.271,0.0,False
satmtb/ship/47,ship,ship,5,2,11.42,21.18,1.856,0.0,False
satmtb/ship/47,ship,ship,1,60,11.6,68.0,5.862,1.0,True
satmtb/ship/48,ship,ship,1,138,7.22,18.0,2.492,1.0,True
satmtb/ship/48,ship,ship,2,138,5.0,74.51,14.914,1.0,True
satmtb/ship/48,ship,ship,3,138,5.49,83.47,15.199,1.0,True
satmtb/ship/48,ship,ship,4,113,5.32,142.6,26.8,1.0,True
satmtb/ship/48,ship,ship,5,138,14.81,139.81,9.438,1.0,True
satmtb/ship/49,ship,ship,0001,326,63.02,10.5,0.167,0.0,False
satmtb/ship/49,ship,ship,0002,326,8.84,139.39,15.772,1.0,True
satmtb/ship/49,ship,ship,0003,326,11.36,172.41,15.18,1.0,True
satmtb/ship/49,ship,ship,0004,326,5.28,283.61,53.701,1.0,True
satmtb/ship/49,ship,ship,0005,326,5.45,87.63,16.08,1.0,True
satmtb/ship/49,ship,ship,0006,326,6.57,30.72,4.672,1.0,True
satmtb/ship/49,ship,ship,0008,326,6.33,45.78,7.231,1.0,True
satmtb/ship/49,ship,ship,0009,52,6.59,20.41,3.095,1.0,True
satmtb/ship/50,ship,ship,0001,326,8.29,214.24,25.842,1.0,True
satmtb/ship/50,ship,ship,0002,326,8.56,134.02,15.649,1.0,True
satmtb/ship/50,ship,ship,0003,326,6.78,33.01,4.871,1.0,True
satmtb/ship/51,ship,airplane,0011,327,9.16,92.85,10.139,0.0,False
satmtb/ship/51,ship,ship,0001,328,15.67,177.21,11.31,1.0,True
satmtb/ship/51,ship,ship,0003,327,23.9,362.49,15.166,1.0,True
satmtb/ship/51,ship,ship,0004,326,6.72,102.7,15.273,1.0,True
satmtb/ship/51,ship,ship,0005,328,21.49,347.15,16.155,0.994,True
satmtb/ship/51,ship,ship,0006,329,18.44,154.38,8.37,1.0,True
satmtb/ship/51,ship,ship,0007,326,7.14,93.08,13.04,1.0,True
satmtb/ship/51,ship,ship,0008,326,7.67,11.26,1.467,0.0,False
satmtb/ship/51,ship,ship,0009,326,7.58,19.17,2.529,1.0,True
satmtb/ship/51,ship,ship,0010,326,12.32,30.82,2.501,1.0,True
satmtb/ship/51,ship,ship,0012,326,6.58,7.87,1.197,0.0,False
satmtb/ship/51,ship,ship,0013,326,7.89,62.02,7.857,1.0,True
satmtb/ship/51,ship,ship,0014,326,7.15,6.26,0.876,0.0,False
satmtb/ship/52,ship,ship,0001,326,23.59,148.84,6.308,1.0,True
satmtb/ship/52,ship,ship,0002,326,19.85,351.77,17.722,1.0,True
satmtb/ship/52,ship,ship,0003,326,8.12,222.75,27.416,1.0,True
satmtb/ship/53,ship,ship,0001,326,15.25,102.96,6.753,1.0,True
satmtb/ship/53,ship,ship,0002,326,22.77,418.43,18.374,1.0,True
satmtb/ship/53,ship,ship,0003,326,14.21,125.45,8.826,1.0,True
satmtb/ship/53,ship,ship,0004,326,14.96,192.16,12.844,1.0,True
satmtb/ship/53,ship,ship,0021,326,16.06,3.8,0.236,0.0,False
satmtb/ship/53,ship,ship,0022,326,9.94,3.1,0.312,0.0,False
satmtb/ship/53,ship,ship,0023,326,16.96,10.26,0.605,1.0,True
satmtb/ship/53,ship,ship,0024,326,23.81,7.16,0.301,0.0,False
satmtb/ship/53,ship,ship,0025,326,9.75,5.61,0.576,0.0,False
satmtb/ship/53,ship,ship,0026,326,8.53,89.45,10.488,1.0,True
satmtb/ship/54,ship,ship,0001,326,102.54,31.01,0.302,1.0,True
satmtb/ship/54,ship,ship,0002,326,57.99,311.96,5.379,1.0,True
satmtb/ship/54,ship,ship,0003,326,24.98,210.58,8.428,1.0,True
satmtb/ship/54,ship,ship,0004,326,13.06,201.95,15.466,1.0,True
satmtb/ship/54,ship,ship,0005,2,82.2,21.94,0.267,0.0,False
satmtb/ship/54,ship,ship,0006,2,102.04,22.85,0.224,0.0,False
satmtb/ship/55,ship,ship,0001,326,83.52,2.9,0.035,1.0,True
satmtb/ship/55,ship,ship,0003,326,42.28,195.36,4.621,1.0,True
satmtb/ship/55,ship,ship,0004,326,77.13,8.55,0.111,1.0,True
satmtb/ship/55,ship,ship,0005,326,28.13,178.12,6.333,1.0,True
satmtb/ship/56,ship,ship,0001,326,22.46,240.74,10.72,1.0,True
satmtb/ship/56,ship,ship,0002,326,10.63,476.65,44.839,1.0,True
satmtb/ship/56,ship,ship,0003,326,9.35,429.86,45.975,1.0,True
satmtb/ship/56,ship,ship,0004,326,10.99,271.85,24.742,1.0,True
satmtb/ship/56,ship,ship,0005,326,19.08,799.32,41.896,1.0,True
satmtb/ship/57,ship,ship,0001,192,8.25,219.34,26.592,1.0,True
satmtb/ship/57,ship,ship,0002,326,7.03,305.19,43.431,1.0,True
satmtb/ship/57,ship,ship,0003,326,9.44,364.21,38.596,1.0,True
satmtb/ship/57,ship,ship,0004,326,6.17,166.58,26.981,1.0,True
satmtb/ship/57,ship,ship,0005,326,15.98,161.15,10.084,1.0,True
satmtb/ship/57,ship,ship,0006,326,9.66,317.67,32.882,1.0,True
satmtb/ship/57,ship,ship,0007,326,5.63,302.82,53.786,1.0,True
satmtb/ship/57,ship,ship,0008,326,9.29,352.78,37.965,1.0,True
satmtb/ship/57,ship,ship,0009,310,5.9,338.45,57.38,1.0,True
satmtb/ship/58,ship,train,0008,326,7.53,81.39,10.815,0.0,False
satmtb/ship/58,ship,ship,0003,326,6.82,249.36,36.537,1.0,True
satmtb/ship/58,ship,ship,0007,326,9.83,37.42,3.807,1.0,True
satmtb/ship/58,ship,ship,0009,326,16.47,272.95,16.567,1.0,True
satmtb/ship/58,ship,ship,0010,326,33.22,300.75,9.054,1.0,True
satmtb/ship/58,ship,ship,0004,321,13.35,153.1,11.466,1.0,True
satmtb/ship/58,ship,ship,0005,313,20.87,262.45,12.578,1.0,True
satmtb/ship/59,ship,airplane,0003,239,18.04,1008.43,55.913,1.0,True
satmtb/ship/59,ship,ship,0001,239,6.68,38.94,5.828,1.0,True
satmtb/ship/59,ship,ship,0002,239,44.16,51.33,1.162,1.0,True
satmtb/ship/59,ship,ship,0004,239,6.32,5.35,0.846,1.0,True
satmtb/ship/59,ship,ship,0005,239,6.9,47.97,6.957,1.0,True
satmtb/ship/59,ship,ship,0006,239,7.15,12.51,1.75,1.0,True
satmtb/ship/59,ship,ship,0007,91,10.33,12.34,1.195,1.0,True
satmtb/ship/60,ship,ship,0001,143,18.4,84.14,4.574,1.0,True
satmtb/ship/60,ship,ship,0002,143,18.61,86.48,4.646,1.0,True
satmtb/ship/60,ship,ship,0003,143,10.92,33.29,3.048,1.0,True
satmtb/ship/60,ship,ship,0004,143,9.26,73.34,7.918,1.0,True
satmtb/ship/61,ship,ship,0001,432,16.57,451.72,27.264,1.0,True
satmtb/ship/61,ship,ship,0002,432,11.74,647.81,55.195,1.0,True
satmtb/ship/61,ship,ship,0003,432,24.53,86.36,3.52,1.0,True
satmtb/ship/62,ship,ship,0001,144,9.93,182.49,18.375,1.0,True
satmtb/ship/62,ship,ship,0002,144,6.98,67.43,9.66,1.0,True
satmtb/ship/62,ship,ship,0003,144,9.59,241.22,25.149,1.0,True
satmtb/ship/63,ship,ship,0001,144,6.53,30.45,4.661,1.0,True
satmtb/ship/63,ship,ship,0002,144,15.25,344.73,22.601,1.0,True
satmtb/ship/63,ship,ship,0003,144,15.55,224.68,14.451,1.0,True
satmtb/ship/63,ship,ship,0004,144,10.82,89.8,8.302,1.0,True
satmtb/ship/63,ship,ship,0005,144,6.19,130.49,21.079,1.0,True
satmtb/ship/64,ship,ship,0001,432,8.68,61.41,7.075,1.0,True
satmtb/ship/64,ship,ship,0002,432,7.05,169.64,24.05,1.0,True
satmtb/ship/64,ship,ship,0003,432,5.7,51.98,9.112,1.0,True
satmtb/ship/64,ship,ship,0004,432,10.35,55.37,5.348,1.0,True
satmtb/ship/64,ship,ship,0005,432,10.56,54.73,5.182,1.0,True
satmtb/ship/64,ship,ship,0006,432,78.68,39.8,0.506,1.0,True
satmtb/ship/64,ship,ship,0007,432,18.67,22.19,1.189,1.0,True
satmtb/ship/64,ship,ship,0008,193,5.33,73.17,13.727,1.0,True
satmtb/ship/65,ship,ship,0001,1,11.59,0.0,0.0,0.0,False
satmtb/ship/65,ship,ship,0002,432,10.0,70.46,7.046,1.0,True
satmtb/ship/65,ship,ship,0003,432,11.13,262.25,23.571,1.0,True
satmtb/ship/65,ship,ship,0005,432,6.98,25.03,3.583,1.0,True
satmtb/ship/65,ship,ship,0006,432,7.07,2.77,0.392,0.0,False
satmtb/ship/65,ship,ship,0007,432,5.32,1.15,0.217,0.0,False
satmtb/ship/65,ship,ship,0008,432,6.48,0.54,0.084,0.0,False
satmtb/ship/65,ship,ship,0009,432,7.93,2.46,0.311,0.0,False
satmtb/ship/65,ship,ship,0010,432,8.75,1.09,0.124,0.0,False
satmtb/ship/65,ship,ship,0011,432,5.79,0.38,0.066,0.0,False
satmtb/ship/65,ship,ship,0012,432,6.56,1.92,0.293,0.0,False
satmtb/ship/65,ship,ship,0013,432,7.76,1.22,0.157,0.0,False
satmtb/ship/65,ship,ship,0004,340,11.56,128.25,11.098,1.0,True
satmtb/ship/66,ship,ship,0001,429,5.76,155.79,27.059,1.0,True
satmtb/ship/66,ship,ship,0002,429,5.28,158.29,29.973,1.0,True
satmtb/ship/66,ship,ship,0003,429,6.81,21.32,3.133,1.0,True
satmtb/ship/66,ship,ship,0005,429,6.1,105.47,17.293,1.0,True
satmtb/ship/66,ship,ship,0006,342,6.11,71.28,11.675,1.0,True
satmtb/ship/67,ship,ship,0001,144,10.79,93.99,8.709,1.0,True
satmtb/ship/67,ship,ship,0002,144,5.15,138.38,26.85,1.0,True
satmtb/ship/67,ship,ship,0003,144,5.0,93.48,18.696,1.0,True
satmtb/ship/67,ship,ship,0004,144,5.3,24.91,4.697,1.0,True
satmtb/ship/67,ship,ship,0005,144,5.59,70.83,12.671,1.0,True
satmtb/ship/67,ship,ship,0006,144,5.89,107.71,18.282,1.0,True
satmtb/ship/67,ship,ship,0007,144,5.89,61.13,10.378,1.0,True
satmtb/ship/67,ship,ship,0008,144,7.49,75.94,10.137,1.0,True
satmtb/ship/67,ship,ship,0009,144,5.28,65.21,12.342,1.0,True
satmtb/ship/67,ship,ship,0010,144,5.38,60.85,11.314,1.0,True
satmtb/ship/68,ship,ship,0001,116,5.82,123.28,21.169,1.0,True
satmtb/ship/68,ship,ship,0002,144,5.37,22.78,4.244,1.0,True
satmtb/ship/68,ship,ship,0003,144,6.46,177.22,27.444,1.0,True
satmtb/ship/69,ship,ship,0002,144,9.98,136.15,13.638,1.0,True
satmtb/ship/69,ship,ship,0003,144,6.55,168.47,25.73,1.0,True
satmtb/ship/69,ship,ship,0004,144,13.12,80.92,6.169,1.0,True
satmtb/ship/70,ship,ship,0001,158,15.1,20.07,1.329,1.0,True
satmtb/ship/70,ship,ship,0002,316,7.56,58.32,7.713,1.0,True
satmtb/ship/70,ship,ship,0003,316,5.65,54.55,9.654,1.0,True
satmtb/ship/70,ship,ship,0004,316,11.83,56.26,4.756,1.0,True
satmtb/ship/70,ship,ship,0005,316,19.04,92.16,4.839,1.0,True
satmtb/ship/70,ship,ship,0006,316,13.44,68.8,5.118,1.0,True
satmtb/ship/70,ship,ship,0007,316,10.7,18.14,1.696,1.0,True
satmtb/ship/70,ship,ship,0008,316,8.5,81.28,9.563,1.0,True
satmtb/ship/70,ship,ship,0009,316,5.7,72.46,12.716,1.0,True
satmtb/ship/70,ship,ship,0010,316,5.56,71.66,12.89,1.0,True
satmtb/ship/70,ship,ship,0011,203,5.33,43.48,8.165,1.0,True
satmtb/ship/70,ship,ship,0012,316,9.27,97.7,10.537,1.0,True
satmtb/train/01,train,train,1,197,32.77,608.29,18.563,1.0,True
satmtb/train/01,train,train,2,197,276.08,131.43,0.476,1.0,True
satmtb/train/01,train,train,3,197,146.35,707.0,4.831,1.0,True
satmtb/train/01,train,train,4,2,96.58,0.0,0.0,0.0,False
satmtb/train/02,train,train,1,297,23.32,184.96,7.931,1.0,True
satmtb/train/02,train,train,2,297,31.95,484.93,15.175,1.0,True
satmtb/train/02,train,train,4,112,94.5,42.93,0.454,1.0,True
satmtb/train/02,train,train,3,46,22.89,58.78,2.568,1.0,True
satmtb/train/03,train,train,1,317,89.06,228.6,2.567,1.0,True
satmtb/train/04,train,train,1,275,210.9,197.83,0.938,1.0,True
satmtb/train/04,train,train,2,275,196.88,208.98,1.061,1.0,True
satmtb/train/04,train,train,3,264,171.12,218.87,1.279,1.0,True
satmtb/train/04,train,train,4,275,325.69,250.27,0.768,1.0,True
satmtb/train/05,train,train,1,275,338.34,136.94,0.405,1.0,True
satmtb/train/05,train,train,2,275,294.58,439.44,1.492,1.0,True
satmtb/train/06,train,train,1,208,124.67,256.38,2.056,1.0,True
satmtb/train/06,train,train,2,298,348.95,434.74,1.246,1.0,True
satmtb/train/06,train,train,3,298,331.89,271.07,0.817,1.0,True
satmtb/train/07,train,train,5,49,96.61,62.47,0.647,1.0,True
satmtb/train/07,train,train,6,49,87.57,37.71,0.431,1.0,True
satmtb/train/07,train,train,7,2,92.89,0.0,0.0,0.0,False
satmtb/train/07,train,train,8,49,146.16,40.4,0.276,1.0,True
satmtb/train/07,train,train,9,2,166.76,0.0,0.0,0.0,False
