task,dataset,seq_id,category,n_frames,n_boxes,purity,frac_small_area,frac_small_side,cats_in_seq,frac_small_per_cat,sqrt_area_max,sqrt_area_median,sqrt_area_min,sqrt_area_p05,sqrt_area_p95
SOT,ootb,ootb/car_1,car,268,268,pure_small,1.0,1.0,,,21.92,21.67,19.93,20.24,21.92
SOT,ootb,ootb/car_10,car,220,220,pure_small,1.0,1.0,,,12.02,11.08,8.12,8.59,11.98
SOT,ootb,ootb/car_11,car,190,190,pure_small,1.0,1.0,,,14.14,12.73,9.28,9.59,14.09
SOT,ootb,ootb/car_12,car,300,300,pure_small,1.0,1.0,,,13.57,13.17,12.3,12.74,13.52
SOT,ootb,ootb/car_13,car,151,151,pure_small,1.0,1.0,,,14.14,13.17,9.17,9.84,14.14
SOT,ootb,ootb/car_14,car,299,299,pure_small,1.0,1.0,,,16.26,14.41,10.7,12.03,16.05
SOT,ootb,ootb/car_15,car,200,200,pure_small,1.0,1.0,,,15.35,14.72,10.15,11.49,15.35
SOT,ootb,ootb/car_16,car,677,677,pure_small,1.0,1.0,,,10.61,8.55,7.07,7.07,10.58
SOT,ootb,ootb/car_17,car,200,200,pure_small,1.0,1.0,,,19.4,19.29,19.29,19.29,19.4
SOT,ootb,ootb/car_18,car,200,200,pure_small,1.0,1.0,,,15.42,15.42,15.42,15.42,15.42
SOT,ootb,ootb/car_19,car,460,460,pure_small,1.0,1.0,,,14.81,14.31,14.19,14.19,14.81
SOT,ootb,ootb/car_2,car,750,750,pure_small,1.0,1.0,,,24.74,20.27,18.53,18.71,24.69
SOT,ootb,ootb/car_20,car,310,310,pure_small,1.0,1.0,,,17.36,17.36,17.36,17.36,17.36
SOT,ootb,ootb/car_21,car,491,491,pure_small,1.0,1.0,,,19.84,19.63,17.81,19.63,19.63
SOT,ootb,ootb/car_22,car,491,491,pure_small,1.0,1.0,,,11.9,11.9,11.9,11.9,11.9
SOT,ootb,ootb/car_23,car,450,450,pure_small,1.0,1.0,,,7.76,7.76,7.35,7.76,7.76
SOT,ootb,ootb/car_24,car,139,139,pure_small,1.0,1.0,,,13.79,11.67,11.24,11.45,12.08
SOT,ootb,ootb/car_25,car,300,300,pure_small,1.0,1.0,,,10.98,7.77,7.53,7.62,10.74
SOT,ootb,ootb/car_26,car,300,300,pure_small,1.0,1.0,,,16.18,15.78,9.98,10.45,16.1
SOT,ootb,ootb/car_27,car,200,200,pure_small,1.0,1.0,,,25.22,24.66,20.41,20.41,25.22
SOT,ootb,ootb/car_28,car,200,200,mixed,0.78,0.0,,,33.97,24.58,23.37,23.37,33.97
SOT,ootb,ootb/car_29,car,200,200,pure_small,1.0,1.0,,,15.21,14.74,12.95,13.32,15.21
SOT,ootb,ootb/car_3,car,500,500,pure_small,1.0,1.0,,,13.43,12.19,8.84,9.16,13.38
SOT,ootb,ootb/car_30,car,260,260,pure_small,1.0,1.0,,,15.03,14.32,12.73,13.6,15.03
SOT,ootb,ootb/car_31,car,200,200,pure_small,1.0,1.0,,,13.6,12.07,10.01,10.23,13.6
SOT,ootb,ootb/car_32,car,200,200,pure_small,1.0,1.0,,,11.12,11.12,11.12,11.12,11.12
SOT,ootb,ootb/car_33,car,200,200,pure_small,1.0,1.0,,,12.24,10.47,9.41,9.41,12.24
SOT,ootb,ootb/car_34,car,200,200,pure_small,1.0,1.0,,,12.32,12.32,12.32,12.32,12.32
SOT,ootb,ootb/car_35,car,200,200,pure_small,1.0,1.0,,,12.0,11.21,10.23,10.29,11.9
SOT,ootb,ootb/car_36,car,200,200,pure_small,1.0,1.0,,,8.72,8.72,8.72,8.72,8.72
SOT,ootb,ootb/car_37,car,173,173,pure_small,1.0,1.0,,,9.25,9.25,9.25,9.25,9.25
SOT,ootb,ootb/car_38,car,250,250,pure_small,1.0,1.0,,,8.26,7.84,7.84,7.84,7.84
SOT,ootb,ootb/car_39,car,171,171,pure_small,1.0,1.0,,,8.55,8.55,8.55,8.55,8.55
SOT,ootb,ootb/car_4,car,166,166,pure_small,1.0,1.0,,,13.43,12.44,9.17,9.68,13.42
SOT,ootb,ootb/car_40,car,171,171,pure_small,1.0,1.0,,,7.48,7.48,7.48,7.48,7.48
SOT,ootb,ootb/car_41,car,250,250,pure_small,1.0,1.0,,,10.82,10.82,10.82,10.82,10.82
SOT,ootb,ootb/car_42,car,250,250,pure_small,1.0,1.0,,,8.55,8.55,8.55,8.55,8.55
SOT,ootb,ootb/car_43,car,200,200,pure_small,1.0,1.0,,,9.43,8.97,8.47,8.97,9.37
SOT,ootb,ootb/car_44,car,200,200,pure_small,1.0,1.0,,,9.07,8.65,8.65,8.65,9.07
SOT,ootb,ootb/car_45,car,170,170,pure_small,1.0,1.0,,,11.53,11.24,10.79,10.79,11.53
SOT,ootb,ootb/car_5,car,164,164,pure_small,1.0,1.0,,,14.85,14.18,10.39,10.66,14.72
SOT,ootb,ootb/car_6,car,300,300,pure_small,1.0,1.0,,,20.58,19.81,19.25,19.48,20.31
SOT,ootb,ootb/car_7,car,300,300,pure_small,1.0,1.0,,,14.85,12.17,9.91,10.13,14.65
SOT,ootb,ootb/car_8,car,300,300,pure_small,1.0,1.0,,,11.74,10.83,10.58,10.58,11.29
SOT,ootb,ootb/car_9,car,147,147,pure_small,1.0,1.0,,,15.56,15.25,10.25,11.02,15.55
SOT,ootb,ootb/plane_1,plane,750,750,pure_large,0.0,0.0,,,48.08,45.62,33.49,34.89,47.69
SOT,ootb,ootb/plane_10,plane,500,500,pure_large,0.0,0.0,,,80.86,80.86,79.92,79.92,80.86
SOT,ootb,ootb/plane_11,plane,200,200,pure_large,0.0,0.0,,,59.39,58.81,58.65,58.65,59.39
SOT,ootb,ootb/plane_12,plane,200,200,pure_large,0.0,0.0,,,65.05,62.94,45.83,48.53,64.99
SOT,ootb,ootb/plane_13,plane,750,750,pure_large,0.0,0.0,,,52.47,52.47,52.2,52.2,52.47
SOT,ootb,ootb/plane_14,plane,320,320,pure_large,0.0,0.0,,,48.27,48.27,47.36,47.83,48.27
SOT,ootb,ootb/plane_15,plane,260,260,pure_large,0.0,0.0,,,50.57,50.37,49.95,49.95,50.57
SOT,ootb,ootb/plane_16,plane,90,90,pure_large,0.0,0.0,,,52.24,51.96,51.96,51.96,52.24
SOT,ootb,ootb/plane_17,plane,280,280,pure_large,0.0,0.0,,,44.47,44.47,44.47,44.47,44.47
SOT,ootb,ootb/plane_18,plane,200,200,pure_large,0.0,0.0,,,55.31,55.31,53.6,54.61,55.31
SOT,ootb,ootb/plane_19,plane,250,250,pure_large,0.0,0.0,,,59.45,59.45,59.45,59.45,59.45
SOT,ootb,ootb/plane_2,plane,296,296,pure_large,0.0,0.0,,,68.58,60.27,48.78,52.84,68.05
SOT,ootb,ootb/plane_20,plane,200,200,pure_large,0.0,0.0,,,58.8,58.8,58.8,58.8,58.8
SOT,ootb,ootb/plane_21,plane,125,125,pure_large,0.0,0.0,,,116.88,115.49,112.38,113.98,116.88
SOT,ootb,ootb/plane_22,plane,320,320,pure_large,0.0,0.0,,,50.19,42.38,35.82,37.87,50.06
SOT,ootb,ootb/plane_23,plane,200,200,pure_large,0.0,0.0,,,76.26,75.12,72.13,72.75,75.12
SOT,ootb,ootb/plane_24,plane,200,200,pure_large,0.0,0.0,,,55.66,55.49,55.28,55.36,55.56
SOT,ootb,ootb/plane_25,plane,200,200,pure_large,0.0,0.0,,,32.35,32.35,32.35,32.35,32.35
SOT,ootb,ootb/plane_3,plane,500,500,pure_large,0.0,0.0,,,38.38,37.46,35.52,36.83,38.38
SOT,ootb,ootb/plane_4,plane,750,750,pure_small,1.0,1.0,,,30.27,28.32,27.0,27.0,28.57
SOT,ootb,ootb/plane_5,plane,325,325,pure_large,0.0,0.0,,,38.48,36.89,36.89,36.89,36.89
SOT,ootb,ootb/plane_6,plane,358,358,pure_large,0.0,0.0,,,62.93,62.07,44.88,47.1,62.91
SOT,ootb,ootb/plane_7,plane,180,180,pure_large,0.0,0.0,,,38.96,37.6,36.09,37.11,38.96
SOT,ootb,ootb/plane_8,plane,300,300,pure_large,0.0,0.0,,,38.16,38.16,37.29,37.29,38.16
SOT,ootb,ootb/plane_9,plane,250,250,pure_large,0.0,0.0,,,84.46,78.07,66.22,66.22,84.46
SOT,ootb,ootb/ship_1,ship,320,320,pure_small,1.0,1.0,,,23.33,22.32,15.94,16.68,23.32
SOT,ootb,ootb/ship_10,ship,300,300,mixed,0.3467,0.0,,,32.79,32.23,31.66,31.66,32.7
SOT,ootb,ootb/ship_11,ship,300,300,pure_small,1.0,1.0,,,19.41,18.79,18.37,18.58,19.41
SOT,ootb,ootb/ship_12,ship,300,300,pure_small,1.0,1.0,,,18.74,18.59,18.24,18.24,18.74
SOT,ootb,ootb/ship_13,ship,300,300,pure_small,1.0,0.0,,,26.68,25.89,25.07,25.89,26.68
SOT,ootb,ootb/ship_14,ship,320,320,pure_small,1.0,1.0,,,12.16,12.16,12.15,12.15,12.16
SOT,ootb,ootb/ship_15,ship,320,320,pure_small,1.0,1.0,,,16.97,14.79,13.68,13.68,16.73
SOT,ootb,ootb/ship_16,ship,320,320,pure_small,1.0,1.0,,,12.48,12.48,12.48,12.48,12.48
SOT,ootb,ootb/ship_17,ship,320,320,pure_small,1.0,1.0,,,13.13,12.95,11.66,11.66,13.04
SOT,ootb,ootb/ship_18,ship,200,200,pure_small,1.0,1.0,,,10.65,10.29,9.94,9.98,10.65
SOT,ootb,ootb/ship_19,ship,200,200,pure_small,1.0,1.0,,,7.29,6.99,6.61,6.69,7.14
SOT,ootb,ootb/ship_2,ship,300,300,pure_small,1.0,1.0,,,21.37,19.78,18.6,19.2,20.69
SOT,ootb,ootb/ship_20,ship,200,200,pure_small,1.0,1.0,,,18.94,18.86,17.89,18.0,18.94
SOT,ootb,ootb/ship_21,ship,200,200,pure_small,1.0,1.0,,,15.05,14.92,14.11,14.11,15.05
SOT,ootb,ootb/ship_22,ship,200,200,pure_small,1.0,1.0,,,14.27,13.46,11.4,11.64,14.27
SOT,ootb,ootb/ship_23,ship,200,200,pure_small,1.0,1.0,,,13.67,11.5,10.95,10.95,13.52
SOT,ootb,ootb/ship_24,ship,200,200,pure_small,1.0,1.0,,,13.43,13.39,12.32,12.81,13.43
SOT,ootb,ootb/ship_25,ship,200,200,pure_small,1.0,1.0,,,11.27,11.25,11.22,11.22,11.26
SOT,ootb,ootb/ship_26,ship,200,200,pure_small,1.0,1.0,,,10.08,9.86,9.74,9.74,9.86
SOT,ootb,ootb/ship_27,ship,200,200,pure_small,1.0,1.0,,,9.64,9.64,8.82,9.29,9.64
SOT,ootb,ootb/ship_28,ship,150,150,pure_small,1.0,0.0,,,29.65,25.44,20.49,20.86,29.44
SOT,ootb,ootb/ship_29,ship,200,200,pure_small,1.0,1.0,,,9.82,9.5,8.83,8.95,9.71
SOT,ootb,ootb/ship_3,ship,300,300,pure_large,0.0,0.0,,,43.13,42.95,42.27,42.52,43.13
SOT,ootb,ootb/ship_30,ship,200,200,pure_small,1.0,1.0,,,6.92,6.46,5.76,5.82,6.87
SOT,ootb,ootb/ship_4,ship,500,500,pure_small,1.0,1.0,,,16.97,16.96,16.66,16.81,16.97
SOT,ootb,ootb/ship_5,ship,326,326,pure_small,1.0,1.0,,,22.33,21.87,20.41,20.91,22.33
SOT,ootb,ootb/ship_6,ship,320,320,pure_small,1.0,0.0,,,26.55,25.42,25.03,25.42,26.18
SOT,ootb,ootb/ship_7,ship,300,300,pure_small,1.0,1.0,,,29.12,29.12,29.12,29.12,29.12
SOT,ootb,ootb/ship_8,ship,300,300,pure_small,1.0,0.0,,,29.65,29.38,29.38,29.38,29.65
SOT,ootb,ootb/ship_9,ship,327,327,pure_small,1.0,1.0,,,21.44,20.73,19.37,19.98,21.44
SOT,ootb,ootb/train_1,train,405,405,pure_large,0.0,0.0,,,60.56,49.52,46.9,46.9,58.94
SOT,ootb,ootb/train_10,train,120,120,pure_large,0.0,0.0,,,65.34,52.54,43.47,45.91,65.34
SOT,ootb,ootb/train_2,train,200,200,pure_large,0.0,0.0,,,96.93,83.19,82.09,82.09,94.62
SOT,ootb,ootb/train_3,train,120,120,pure_large,0.0,0.0,,,123.46,122.62,119.97,120.88,123.46
SOT,ootb,ootb/train_4,train,120,120,pure_large,0.0,0.0,,,41.73,39.74,33.07,33.07,39.85
SOT,ootb,ootb/train_5,train,120,120,pure_large,0.0,0.0,,,42.9,42.9,40.44,40.44,42.9
SOT,ootb,ootb/train_6,train,250,250,pure_large,0.0,0.0,,,46.16,40.58,38.48,38.48,45.9
SOT,ootb,ootb/train_7,train,120,120,pure_large,0.0,0.0,,,96.98,96.98,93.83,95.43,96.98
SOT,ootb,ootb/train_8,train,120,120,pure_large,0.0,0.0,,,61.12,50.06,40.97,43.42,61.12
SOT,ootb,ootb/train_9,train,120,120,pure_large,0.0,0.0,,,158.57,150.91,126.72,130.3,157.58
SOT,satsot,satsot/car_01,car,750,705,pure_small,1.0,1.0,,,13.0,8.77,4.47,6.71,10.95
SOT,satsot,satsot/car_02,car,200,200,pure_small,1.0,1.0,,,15.0,11.96,8.83,9.8,13.42
SOT,satsot,satsot/car_03,car,580,580,pure_small,1.0,1.0,,,15.49,11.49,8.49,10.0,13.49
SOT,satsot,satsot/car_04,car,295,295,pure_small,1.0,1.0,,,13.42,9.49,6.93,7.94,11.0
SOT,satsot,satsot/car_05,car,200,200,pure_small,1.0,1.0,,,12.0,9.49,5.0,6.0,11.49
SOT,satsot,satsot/car_06,car,313,313,pure_small,1.0,1.0,,,8.49,6.48,4.47,5.48,7.94
SOT,satsot,satsot/car_07,car,130,130,pure_small,1.0,1.0,,,8.49,6.0,4.0,4.66,8.0
SOT,satsot,satsot/car_08,car,220,220,pure_small,1.0,1.0,,,8.49,6.48,4.47,5.0,7.94
SOT,satsot,satsot/car_09,car,200,188,pure_small,1.0,1.0,,,10.0,7.48,5.48,6.11,8.98
SOT,satsot,satsot/car_10,car,200,200,pure_small,1.0,1.0,,,8.0,6.0,4.47,5.0,7.0
SOT,satsot,satsot/car_11,car,200,200,pure_small,1.0,1.0,,,18.57,13.42,10.68,11.53,16.74
SOT,satsot,satsot/car_12,car,295,277,pure_small,1.0,1.0,,,11.49,8.94,6.48,7.48,10.49
SOT,satsot,satsot/car_13,car,290,261,pure_small,1.0,1.0,,,7.48,4.47,3.0,3.0,5.92
SOT,satsot,satsot/car_14,car,200,200,pure_small,1.0,1.0,,,8.94,7.0,5.0,5.92,8.49
SOT,satsot,satsot/car_15,car,300,254,pure_small,1.0,1.0,,,13.0,10.39,6.93,8.94,11.83
SOT,satsot,satsot/car_16,car,220,220,pure_small,1.0,1.0,,,9.0,7.48,5.66,6.0,8.49
SOT,satsot,satsot/car_17,car,750,750,pure_small,1.0,1.0,,,11.49,8.49,5.29,7.35,10.2
SOT,satsot,satsot/car_18,car,300,300,pure_small,1.0,1.0,,,11.49,7.48,5.48,6.31,9.0
SOT,satsot,satsot/car_19,car,200,200,pure_small,1.0,1.0,,,13.0,9.95,6.93,8.94,11.4
SOT,satsot,satsot/car_20,car,320,320,pure_small,1.0,1.0,,,13.96,10.58,8.12,8.83,12.41
SOT,satsot,satsot/car_21,car,200,100,pure_small,1.0,1.0,,,18.49,15.97,6.63,11.57,17.89
SOT,satsot,satsot/car_22,car,500,500,pure_small,1.0,1.0,,,7.48,6.0,4.47,5.0,7.0
SOT,satsot,satsot/car_23,car,220,220,pure_small,1.0,1.0,,,17.49,14.49,9.49,11.49,16.43
SOT,satsot,satsot/car_24,car,220,199,pure_small,1.0,1.0,,,15.87,13.67,8.77,11.38,15.1
SOT,satsot,satsot/car_25,car,500,500,pure_small,1.0,1.0,,,12.41,9.95,7.48,8.49,11.0
SOT,satsot,satsot/car_26,car,313,313,pure_small,1.0,1.0,,,10.0,6.48,4.0,5.48,8.0
SOT,satsot,satsot/car_27,car,200,200,pure_small,1.0,1.0,,,8.49,6.48,4.9,5.48,7.94
SOT,satsot,satsot/car_28,car,326,326,pure_small,1.0,1.0,,,6.93,4.95,3.87,4.0,5.92
SOT,satsot,satsot/car_29,car,200,200,pure_small,1.0,1.0,,,9.0,7.0,5.0,6.0,8.49
SOT,satsot,satsot/car_30,car,180,180,pure_small,1.0,1.0,,,10.0,6.0,4.47,5.0,7.0
SOT,satsot,satsot/car_31,car,200,200,pure_small,1.0,0.995,,,20.78,13.75,10.2,11.22,16.52
SOT,satsot,satsot/car_32,car,300,300,pure_small,1.0,1.0,,,14.49,10.95,8.37,9.8,12.41
SOT,satsot,satsot/car_33,car,200,200,pure_small,1.0,1.0,,,13.42,10.58,5.92,8.83,11.83
SOT,satsot,satsot/car_34,car,310,293,pure_small,1.0,1.0,,,8.0,5.66,3.87,4.58,6.93
SOT,satsot,satsot/car_35,car,320,320,pure_small,1.0,1.0,,,12.49,6.0,3.46,4.9,7.48
SOT,satsot,satsot/car_36,car,300,300,pure_small,1.0,1.0,,,13.27,10.95,8.49,9.54,12.25
SOT,satsot,satsot/car_37,car,200,200,pure_small,1.0,1.0,,,16.52,12.23,9.8,10.95,15.87
SOT,satsot,satsot/car_38,car,310,310,pure_small,1.0,1.0,,,7.48,5.92,4.24,4.9,7.0
SOT,satsot,satsot/car_39,car,312,312,pure_small,1.0,1.0,,,21.91,15.3,12.33,13.23,19.6
SOT,satsot,satsot/car_40,car,326,326,pure_small,1.0,1.0,,,8.0,5.92,4.47,5.0,7.0
SOT,satsot,satsot/car_41,car,300,300,pure_small,1.0,1.0,,,13.96,12.49,10.25,10.95,13.49
SOT,satsot,satsot/car_42,car,200,200,pure_small,1.0,1.0,,,18.49,13.75,13.08,13.08,16.97
SOT,satsot,satsot/car_43,car,290,290,pure_small,1.0,1.0,,,11.83,10.82,9.9,9.9,10.82
SOT,satsot,satsot/car_44,car,200,200,pure_small,1.0,1.0,,,15.43,15.43,15.43,15.43,15.43
SOT,satsot,satsot/car_45,car,320,320,pure_small,1.0,1.0,,,8.0,8.0,7.0,8.0,8.0
SOT,satsot,satsot/car_46,car,200,200,pure_small,1.0,1.0,,,16.31,12.73,10.95,11.31,15.43
SOT,satsot,satsot/car_47,car,300,300,pure_small,1.0,1.0,,,8.0,6.0,6.0,6.0,7.76
SOT,satsot,satsot/car_48,car,750,750,pure_small,1.0,1.0,,,13.49,11.83,11.83,11.83,13.49
SOT,satsot,satsot/car_49,car,358,358,pure_small,1.0,1.0,,,6.48,5.29,4.9,5.29,6.32
SOT,satsot,satsot/car_50,car,320,320,pure_small,1.0,1.0,,,13.86,12.49,10.58,10.95,13.42
SOT,satsot,satsot/car_51,car,320,320,pure_small,1.0,1.0,,,17.44,15.46,12.37,13.27,16.88
SOT,satsot,satsot/car_52,car,200,169,pure_small,1.0,1.0,,,11.66,11.66,11.66,11.66,11.66
SOT,satsot,satsot/car_53,car,200,200,pure_small,1.0,1.0,,,6.32,5.29,3.87,4.24,5.29
SOT,satsot,satsot/car_54,car,299,299,pure_small,1.0,1.0,,,9.49,8.0,6.71,6.93,8.49
SOT,satsot,satsot/car_55,car,320,320,pure_small,1.0,1.0,,,20.0,17.0,10.91,12.35,17.49
SOT,satsot,satsot/car_56,car,300,300,pure_small,1.0,1.0,,,6.0,5.0,4.47,4.47,5.48
SOT,satsot,satsot/car_57,car,200,200,pure_small,1.0,1.0,,,15.87,12.33,12.33,12.33,15.3
SOT,satsot,satsot/car_58,car,358,274,pure_small,1.0,1.0,,,6.48,5.29,4.58,4.9,6.48
SOT,satsot,satsot/car_59,car,200,200,pure_small,1.0,1.0,,,15.49,13.27,12.41,12.41,15.49
SOT,satsot,satsot/car_60,car,320,320,pure_small,1.0,1.0,,,16.49,13.0,11.4,11.62,14.49
SOT,satsot,satsot/car_61,car,476,440,pure_small,1.0,1.0,,,12.37,12.37,12.37,12.37,12.37
SOT,satsot,satsot/car_62,car,363,298,pure_small,1.0,1.0,,,15.72,15.72,15.72,15.72,15.72
SOT,satsot,satsot/car_63,car,686,686,pure_small,1.0,1.0,,,18.49,14.14,8.77,14.14,18.49
SOT,satsot,satsot/car_64,car,358,358,pure_small,1.0,1.0,,,8.0,7.07,6.0,6.0,8.0
SOT,satsot,satsot/car_65,car,310,255,pure_small,1.0,1.0,,,17.66,17.29,14.83,15.87,17.66
SOT,satsot,satsot/plane_01,plane,325,325,pure_small,1.0,0.0,,,30.3,29.29,29.29,29.29,29.85
SOT,satsot,satsot/plane_02,plane,358,358,pure_large,0.0,0.0,,,44.96,37.95,35.5,36.5,44.47
SOT,satsot,satsot/plane_03,plane,180,180,pure_small,1.0,0.9944,,,31.98,29.5,28.46,28.98,30.5
SOT,satsot,satsot/plane_04,plane,300,300,pure_large,0.0,0.0,,,40.42,40.42,37.95,38.42,40.42
SOT,satsot,satsot/plane_05,plane,300,300,pure_small,1.0,1.0,,,24.0,22.98,22.45,22.8,23.45
SOT,satsot,satsot/plane_06,plane,300,300,pure_small,1.0,1.0,,,19.49,18.97,17.49,18.49,19.49
SOT,satsot,satsot/plane_07,plane,250,250,pure_large,0.0,0.0,,,68.5,67.0,63.97,64.49,67.5
SOT,satsot,satsot/plane_08,plane,500,500,pure_large,0.0,0.0,,,61.45,58.33,55.12,55.12,61.45
SOT,satsot,satsot/plane_09,plane,200,200,pure_large,0.0,0.0,,,47.74,41.81,40.89,40.89,47.05
SOT,satsot,satsot/ship_01,ship,327,327,pure_small,1.0,1.0,,,21.49,14.42,8.37,10.12,18.44
SOT,satsot,satsot/ship_02,ship,326,282,pure_small,1.0,0.8475,,,23.96,18.33,14.42,16.12,21.9
SOT,satsot,satsot/ship_03,ship,320,320,pure_small,1.0,0.0,,,25.4,25.1,24.19,25.1,25.4
SOT,satsot,satsot/ship_04,ship,300,300,pure_small,1.0,1.0,,,22.63,22.63,22.63,22.63,22.63
SOT,satsot,satsot/ship_05,ship,320,320,pure_small,1.0,0.4406,,,23.07,22.45,18.76,19.6,22.76
SOT,satsot,satsot/train_01,train,120,120,pure_large,0.0,0.0,,,41.42,35.69,32.88,33.48,39.81
SOT,satsot,satsot/train_02,train,120,120,pure_large,0.0,0.0,,,267.29,167.06,142.89,147.18,263.78
SOT,satsot,satsot/train_03,train,120,120,pure_large,0.0,0.0,,,169.97,165.44,160.5,161.5,168.07
SOT,satsot,satsot/train_04,train,120,120,pure_large,0.0,0.0,,,88.05,78.34,69.89,72.55,86.1
SOT,satsot,satsot/train_05,train,120,120,pure_large,0.0,0.0,,,156.95,139.01,116.03,117.58,156.6
SOT,satsot,satsot/train_06,train,120,120,pure_large,0.0,0.0,,,892.51,884.38,822.2,874.17,888.99
SOT,satsot,satsot/train_07,train,120,120,pure_large,0.0,0.0,,,76.68,73.68,52.54,54.95,76.22
SOT,satsot,satsot/train_08,train,120,120,mixed,0.9417,0.0,,,34.5,27.66,23.96,25.61,32.85
SOT,satsot,satsot/train_09,train,120,120,pure_large,0.0,0.0,,,117.37,113.84,109.75,110.91,116.31
SOT,satsot,satsot/train_10,train,120,120,pure_large,0.0,0.0,,,104.62,98.52,93.91,96.12,102.48
SOT,satsot,satsot/train_11,train,120,120,pure_large,0.0,0.0,,,322.87,268.53,222.43,224.62,308.19
SOT,satsot,satsot/train_12,train,120,120,pure_large,0.0,0.0,,,62.26,59.59,41.26,46.12,61.6
SOT,satsot,satsot/train_13,train,120,120,pure_large,0.0,0.0,,,84.07,76.86,65.57,68.67,81.84
SOT,satsot,satsot/train_14,train,120,120,pure_large,0.0,0.0,,,45.18,39.24,34.99,35.36,43.27
SOT,satsot,satsot/train_15,train,120,120,pure_large,0.0,0.0,,,91.27,71.93,42.36,45.17,90.34
SOT,satsot,satsot/train_16,train,120,120,mixed,0.1417,0.0,,,55.64,39.53,27.98,29.66,53.27
SOT,satsot,satsot/train_17,train,120,120,pure_large,0.0,0.0,,,98.99,78.12,43.27,45.47,96.01
SOT,satsot,satsot/train_18,train,120,120,pure_large,0.0,0.0,,,103.05,77.73,42.14,48.13,100.74
SOT,satsot,satsot/train_19,train,120,120,pure_large,0.0,0.0,,,90.95,88.23,85.49,86.5,89.72
SOT,satsot,satsot/train_20,train,120,120,pure_large,0.0,0.0,,,45.52,39.59,32.62,35.98,43.07
SOT,satsot,satsot/train_21,train,120,120,mixed,0.025,0.0,,,39.04,35.5,31.5,33.27,38.73
SOT,satsot,satsot/train_22,train,120,120,pure_large,0.0,0.0,,,57.35,42.89,37.68,39.1,54.62
SOT,satsot,satsot/train_23,train,120,120,pure_large,0.0,0.0,,,65.25,58.79,55.62,56.53,63.39
SOT,satsot,satsot/train_24,train,250,250,pure_large,0.0,0.0,,,40.91,36.0,32.16,33.23,39.2
SOT,satsot,satsot/train_25,train,200,200,pure_large,0.0,0.0,,,89.33,77.31,75.49,75.49,87.72
SOT,satsot,satsot/train_26,train,200,200,mixed,0.01,0.0,,,79.6,34.27,30.63,32.5,75.05
SOT,sv248s,sv248s/01/000000,car-large,490,490,pure_small,1.0,1.0,,,8.18,8.18,7.63,7.87,8.18
SOT,sv248s,sv248s/01/000001,car,490,351,pure_small,1.0,1.0,,,4.3,4.3,4.29,4.3,4.3
SOT,sv248s,sv248s/01/000002,car,490,490,pure_small,1.0,1.0,,,5.4,5.18,4.8,5.01,5.4
SOT,sv248s,sv248s/01/000003,car-large,490,490,pure_small,1.0,1.0,,,10.27,10.07,6.3,6.76,10.27
SOT,sv248s,sv248s/01/000004,car,461,461,pure_small,1.0,1.0,,,4.89,4.7,4.2,4.32,4.88
SOT,sv248s,sv248s/01/000005,car,490,486,pure_small,1.0,1.0,,,5.05,5.05,4.24,4.25,5.05
SOT,sv248s,sv248s/01/000006,car,490,326,pure_small,1.0,1.0,,,4.3,4.3,4.06,4.17,4.3
SOT,sv248s,sv248s/01/000007,car,490,490,pure_small,1.0,1.0,,,4.45,4.22,3.73,3.93,4.45
SOT,sv248s,sv248s/01/000008,car,490,490,pure_small,1.0,1.0,,,4.28,4.27,3.59,3.64,4.27
SOT,sv248s,sv248s/01/000009,car,490,341,pure_small,1.0,1.0,,,4.43,4.43,3.51,3.85,4.43
SOT,sv248s,sv248s/01/000010,car,490,490,pure_small,1.0,1.0,,,4.95,4.9,4.65,4.65,4.9
SOT,sv248s,sv248s/01/000011,car,490,350,pure_small,1.0,1.0,,,4.79,4.09,3.79,3.8,4.75
SOT,sv248s,sv248s/01/000012,car-large,490,490,pure_small,1.0,1.0,,,14.51,14.16,13.98,13.98,14.51
SOT,sv248s,sv248s/01/000013,car,490,270,pure_small,1.0,1.0,,,4.84,4.84,4.84,4.84,4.84
SOT,sv248s,sv248s/01/000014,ship,490,490,pure_small,1.0,1.0,,,11.34,10.03,9.14,9.46,11.16
SOT,sv248s,sv248s/01/000015,car,490,438,pure_small,1.0,1.0,,,4.54,3.98,3.27,3.45,4.32
SOT,sv248s,sv248s/01/000016,car,490,490,pure_small,1.0,1.0,,,7.23,6.9,6.12,6.59,7.17
SOT,sv248s,sv248s/01/000017,car-large,490,490,pure_small,1.0,1.0,,,9.26,8.59,6.44,8.26,8.6
SOT,sv248s,sv248s/01/000018,car,490,294,pure_small,1.0,1.0,,,4.9,4.88,3.92,3.95,4.9
SOT,sv248s,sv248s/01/000019,car,490,490,pure_small,1.0,1.0,,,5.51,5.45,5.05,5.1,5.51
SOT,sv248s,sv248s/01/000020,car-large,490,490,pure_small,1.0,1.0,,,9.61,9.61,8.95,8.95,9.61
SOT,sv248s,sv248s/01/000021,car,490,490,pure_small,1.0,1.0,,,7.75,7.27,6.3,6.83,7.75
SOT,sv248s,sv248s/01/000022,car,490,490,pure_small,1.0,1.0,,,6.67,6.34,6.25,6.25,6.67
SOT,sv248s,sv248s/01/000023,car,490,490,pure_small,1.0,1.0,,,5.43,5.42,4.96,5.16,5.42
SOT,sv248s,sv248s/01/000024,car,500,500,pure_small,1.0,1.0,,,5.45,4.65,4.59,4.59,5.05
SOT,sv248s,sv248s/01/000025,ship,490,383,pure_small,1.0,1.0,,,6.8,6.6,5.78,5.95,6.69
SOT,sv248s,sv248s/01/000026,car-large,490,490,pure_small,1.0,1.0,,,14.3,11.93,11.68,11.68,13.99
SOT,sv248s,sv248s/01/000027,car,490,383,pure_small,1.0,1.0,,,4.02,3.9,3.63,3.76,3.9
SOT,sv248s,sv248s/01/000028,car,486,324,pure_small,1.0,1.0,,,4.89,4.83,4.19,4.28,4.84
SOT,sv248s,sv248s/01/000029,ship,490,490,pure_small,1.0,1.0,,,15.63,14.87,14.25,14.35,15.59
SOT,sv248s,sv248s/01/000030,car,490,443,pure_small,1.0,1.0,,,3.94,3.72,3.72,3.72,3.94
SOT,sv248s,sv248s/01/000031,car,486,486,pure_small,1.0,1.0,,,4.22,4.21,3.09,3.69,4.21
SOT,sv248s,sv248s/01/000032,car,490,448,pure_small,1.0,1.0,,,4.76,3.39,3.13,3.34,4.47
SOT,sv248s,sv248s/01/000033,car,490,471,pure_small,1.0,1.0,,,3.9,3.9,3.75,3.9,3.9
SOT,sv248s,sv248s/01/000034,car,490,289,pure_small,1.0,1.0,,,4.1,4.1,3.77,4.1,4.1
SOT,sv248s,sv248s/01/000035,car,490,490,pure_small,1.0,1.0,,,3.9,3.9,3.9,3.9,3.9
SOT,sv248s,sv248s/01/000036,car,300,262,pure_small,1.0,1.0,,,5.58,5.24,3.92,4.32,5.51
SOT,sv248s,sv248s/01/000037,car-large,490,423,pure_small,1.0,1.0,,,7.94,6.7,4.71,5.18,7.56
SOT,sv248s,sv248s/01/000038,car-large,490,297,pure_small,1.0,1.0,,,8.41,7.66,7.63,7.63,8.31
SOT,sv248s,sv248s/01/000039,car-large,490,490,pure_small,1.0,1.0,,,7.9,7.51,6.96,6.96,7.77
SOT,sv248s,sv248s/01/000040,car,490,490,pure_small,1.0,1.0,,,3.7,3.7,3.69,3.69,3.7
SOT,sv248s,sv248s/01/000041,car,490,429,pure_small,1.0,1.0,,,4.95,4.95,3.83,4.04,4.95
SOT,sv248s,sv248s/01/000042,car,490,490,pure_small,1.0,1.0,,,5.2,5.08,4.62,4.67,5.2
SOT,sv248s,sv248s/01/000043,car,490,490,pure_small,1.0,1.0,,,4.39,3.2,3.19,3.2,4.39
SOT,sv248s,sv248s/01/000044,car,490,372,pure_small,1.0,1.0,,,3.79,3.04,3.04,3.04,3.79
SOT,sv248s,sv248s/01/000045,car,490,490,pure_small,1.0,1.0,,,4.41,4.41,4.41,4.41,4.41
SOT,sv248s,sv248s/01/000046,car,291,291,pure_small,1.0,1.0,,,5.63,5.63,4.93,5.3,5.63
SOT,sv248s,sv248s/02/000000,car,750,355,pure_small,1.0,1.0,,,5.37,5.05,5.05,5.05,5.29
SOT,sv248s,sv248s/02/000001,car,750,750,pure_small,1.0,1.0,,,5.28,4.93,4.8,4.84,5.01
SOT,sv248s,sv248s/02/000002,car,750,669,pure_small,1.0,1.0,,,6.45,5.48,4.92,4.96,6.29
SOT,sv248s,sv248s/02/000003,car,750,542,pure_small,1.0,1.0,,,8.85,6.35,5.68,5.75,8.85
SOT,sv248s,sv248s/02/000004,car,750,591,pure_small,1.0,1.0,,,5.63,4.69,4.08,4.16,4.69
SOT,sv248s,sv248s/02/000005,car,750,580,pure_small,1.0,1.0,,,5.45,4.67,4.55,4.64,5.0
SOT,sv248s,sv248s/02/000006,car,750,750,pure_small,1.0,1.0,,,6.62,6.49,5.74,5.89,6.61
SOT,sv248s,sv248s/02/000007,car,750,735,pure_small,1.0,1.0,,,7.98,6.69,6.69,6.69,7.98
SOT,sv248s,sv248s/02/000008,car,750,750,pure_small,1.0,1.0,,,8.77,7.45,7.45,7.45,8.76
SOT,sv248s,sv248s/02/000009,car,750,729,pure_small,1.0,1.0,,,8.91,7.21,6.95,6.95,7.28
SOT,sv248s,sv248s/02/000010,car,750,750,pure_small,1.0,1.0,,,6.45,5.31,4.55,4.71,5.99
SOT,sv248s,sv248s/02/000011,car,750,565,pure_small,1.0,1.0,,,5.41,5.05,4.84,4.93,5.41
SOT,sv248s,sv248s/02/000012,car,750,354,pure_small,1.0,1.0,,,6.27,5.89,4.49,5.31,6.27
SOT,sv248s,sv248s/02/000013,car,750,649,pure_small,1.0,1.0,,,6.93,6.0,5.03,5.15,6.66
SOT,sv248s,sv248s/02/000014,car,750,750,pure_small,1.0,1.0,,,5.46,3.97,3.84,3.84,4.91
SOT,sv248s,sv248s/02/000015,car-large,601,601,pure_small,1.0,1.0,,,7.65,7.49,5.72,5.86,7.65
SOT,sv248s,sv248s/02/000016,car,750,721,pure_small,1.0,1.0,,,4.39,4.1,3.35,3.85,4.1
SOT,sv248s,sv248s/02/000017,car,700,700,pure_small,1.0,1.0,,,4.65,4.35,3.74,4.19,4.65
SOT,sv248s,sv248s/02/000018,car,750,672,pure_small,1.0,1.0,,,4.96,4.85,4.79,4.79,4.94
SOT,sv248s,sv248s/02/000020,car,695,509,pure_small,1.0,1.0,,,6.92,6.91,5.89,5.94,6.92
SOT,sv248s,sv248s/02/000021,car,750,481,pure_small,1.0,1.0,,,6.9,6.22,5.18,5.44,6.74
SOT,sv248s,sv248s/02/000022,car,750,272,pure_small,1.0,1.0,,,8.57,6.54,5.97,6.07,7.43
SOT,sv248s,sv248s/02/000023,car,750,642,pure_small,1.0,1.0,,,7.78,6.67,6.05,6.43,7.61
SOT,sv248s,sv248s/02/000024,car,750,628,pure_small,1.0,1.0,,,6.37,6.13,5.34,5.49,6.13
SOT,sv248s,sv248s/02/000025,car,671,398,pure_small,1.0,1.0,,,7.03,6.24,5.94,6.24,7.02
SOT,sv248s,sv248s/02/000027,car,750,750,pure_small,1.0,1.0,,,7.0,6.02,5.19,5.36,6.65
SOT,sv248s,sv248s/02/000028,car,750,624,pure_small,1.0,1.0,,,7.39,5.78,5.09,5.21,6.85
SOT,sv248s,sv248s/02/000029,car,750,487,pure_small,1.0,1.0,,,6.21,5.72,4.58,5.15,6.21
SOT,sv248s,sv248s/02/000030,car,750,750,pure_small,1.0,1.0,,,7.04,6.09,5.62,5.78,7.03
SOT,sv248s,sv248s/02/000031,car,750,512,pure_small,1.0,1.0,,,5.76,4.94,4.83,4.88,5.5
SOT,sv248s,sv248s/02/000032,car,750,750,pure_small,1.0,1.0,,,6.5,6.05,5.17,5.34,6.3
SOT,sv248s,sv248s/02/000033,car,750,750,pure_small,1.0,1.0,,,7.77,6.6,5.99,6.27,7.23
SOT,sv248s,sv248s/02/000034,car,750,750,pure_small,1.0,1.0,,,7.04,5.64,4.64,4.77,6.58
SOT,sv248s,sv248s/02/000036,car,723,431,pure_small,1.0,1.0,,,5.9,5.31,5.3,5.3,5.9
SOT,sv248s,sv248s/02/000037,car,750,690,pure_small,1.0,1.0,,,6.96,5.15,5.05,5.05,5.49
SOT,sv248s,sv248s/02/000038,car,750,306,pure_small,1.0,1.0,,,6.97,5.4,4.4,4.66,6.58
SOT,sv248s,sv248s/02/000039,car,750,750,pure_small,1.0,1.0,,,5.85,4.75,4.1,4.46,5.64
SOT,sv248s,sv248s/02/000040,car,750,750,pure_small,1.0,1.0,,,8.0,4.92,4.3,4.35,6.0
SOT,sv248s,sv248s/02/000041,car,750,330,pure_small,1.0,1.0,,,5.75,5.34,4.81,5.34,5.55
SOT,sv248s,sv248s/03/000000,car,747,747,pure_small,1.0,1.0,,,5.76,4.76,4.23,4.42,5.36
SOT,sv248s,sv248s/03/000001,car,747,648,pure_small,1.0,1.0,,,5.57,5.36,4.81,5.12,5.57
SOT,sv248s,sv248s/03/000002,car,747,695,pure_small,1.0,1.0,,,5.12,4.96,4.32,4.69,5.12
SOT,sv248s,sv248s/03/000003,car,580,580,pure_small,1.0,1.0,,,5.65,4.94,4.3,4.41,5.39
SOT,sv248s,sv248s/03/000004,car,747,747,pure_small,1.0,1.0,,,6.13,5.78,5.59,5.61,6.06
SOT,sv248s,sv248s/03/000006,car-large,747,747,pure_small,1.0,1.0,,,12.15,9.95,7.88,7.88,11.95
SOT,sv248s,sv248s/03/000007,car-large,747,747,pure_small,1.0,1.0,,,10.43,9.43,7.82,7.85,10.43
SOT,sv248s,sv248s/03/000008,car,747,747,pure_small,1.0,1.0,,,9.19,9.03,8.32,8.35,9.19
SOT,sv248s,sv248s/03/000010,car-large,711,711,pure_small,1.0,1.0,,,12.44,11.17,10.16,10.16,12.44
SOT,sv248s,sv248s/03/000011,car-large,747,747,pure_small,1.0,1.0,,,11.13,10.32,9.31,9.58,11.13
SOT,sv248s,sv248s/03/000012,car-large,747,747,pure_small,1.0,1.0,,,11.67,10.04,7.4,7.9,11.52
SOT,sv248s,sv248s/03/000013,car,733,608,pure_small,1.0,1.0,,,5.22,4.64,3.89,4.09,5.2
SOT,sv248s,sv248s/03/000014,car-large,747,747,pure_small,1.0,1.0,,,13.02,9.53,8.96,9.12,12.57
SOT,sv248s,sv248s/03/000015,car-large,747,420,pure_small,1.0,1.0,,,10.8,9.59,9.09,9.26,10.8
SOT,sv248s,sv248s/03/000016,car-large,732,299,pure_small,1.0,1.0,,,7.76,6.78,6.57,6.58,7.76
SOT,sv248s,sv248s/03/000017,car-large,732,571,pure_small,1.0,1.0,,,9.62,7.51,6.98,7.12,9.16
SOT,sv248s,sv248s/03/000018,car-large,747,747,pure_small,1.0,1.0,,,11.27,10.92,10.05,10.35,11.22
SOT,sv248s,sv248s/03/000019,car-large,727,727,pure_small,1.0,1.0,,,11.75,10.31,9.89,9.89,11.42
SOT,sv248s,sv248s/03/000020,car-large,738,738,pure_small,1.0,1.0,,,10.13,9.62,8.4,8.45,10.13
SOT,sv248s,sv248s/03/000021,car,638,638,pure_small,1.0,1.0,,,4.58,4.33,3.82,3.96,4.51
SOT,sv248s,sv248s/03/000022,car,433,433,pure_small,1.0,1.0,,,5.89,5.89,5.17,5.39,5.89
SOT,sv248s,sv248s/03/000023,car-large,574,418,pure_small,1.0,1.0,,,7.97,6.95,6.3,6.3,7.34
SOT,sv248s,sv248s/03/000024,car-large,536,536,pure_small,1.0,1.0,,,7.11,6.28,5.9,5.9,7.05
SOT,sv248s,sv248s/03/000025,car-large,747,747,pure_small,1.0,1.0,,,10.46,9.45,8.85,8.88,10.33
SOT,sv248s,sv248s/03/000026,car-large,747,747,pure_small,1.0,1.0,,,9.79,9.2,7.04,8.14,9.79
SOT,sv248s,sv248s/03/000027,car-large,747,747,pure_small,1.0,1.0,,,10.85,8.69,7.97,7.97,10.59
SOT,sv248s,sv248s/03/000028,car-large,663,663,pure_small,1.0,1.0,,,12.15,12.15,11.61,11.61,12.15
SOT,sv248s,sv248s/03/000029,car,747,450,pure_small,1.0,1.0,,,6.05,5.67,5.24,5.24,6.05
SOT,sv248s,sv248s/03/000030,car,747,489,pure_small,1.0,1.0,,,6.36,5.87,4.8,4.85,6.19
SOT,sv248s,sv248s/03/000031,car,648,648,pure_small,1.0,1.0,,,5.52,4.81,4.36,4.39,5.27
SOT,sv248s,sv248s/03/000032,car,723,723,pure_small,1.0,1.0,,,6.49,5.83,5.34,5.41,6.24
SOT,sv248s,sv248s/03/000033,car,747,747,pure_small,1.0,1.0,,,6.59,5.77,5.44,5.49,5.94
SOT,sv248s,sv248s/03/000034,car-large,747,747,pure_small,1.0,1.0,,,12.54,11.38,7.97,7.99,12.53
SOT,sv248s,sv248s/03/000035,car-large,747,747,pure_small,1.0,1.0,,,10.18,9.1,8.12,8.25,10.16
SOT,sv248s,sv248s/03/000036,car,738,404,pure_small,1.0,1.0,,,4.8,4.53,3.65,3.76,4.8
SOT,sv248s,sv248s/03/000037,car-large,723,564,pure_small,1.0,1.0,,,6.82,6.54,6.02,6.02,6.82
SOT,sv248s,sv248s/03/000038,car-large,747,747,pure_small,1.0,1.0,,,11.19,10.32,8.51,9.17,11.12
SOT,sv248s,sv248s/03/000039,car-large,747,747,pure_small,1.0,1.0,,,12.41,11.91,10.93,11.0,12.34
SOT,sv248s,sv248s/03/000040,car-large,728,728,pure_small,1.0,1.0,,,11.42,9.93,9.38,9.39,11.01
SOT,sv248s,sv248s/04/000000,plane,748,748,mixed,0.6725,0.0,,,33.28,31.6,30.01,30.24,33.01
SOT,sv248s,sv248s/04/000001,plane,748,748,pure_small,1.0,0.0053,,,27.83,27.83,27.14,27.35,27.83
SOT,sv248s,sv248s/04/000002,plane,748,748,pure_small,1.0,1.0,,,24.52,24.52,22.93,22.93,24.52
SOT,sv248s,sv248s/04/000003,plane,748,748,pure_small,1.0,1.0,,,27.13,25.18,23.87,24.04,27.09
SOT,sv248s,sv248s/04/000004,car,713,713,pure_small,1.0,1.0,,,4.91,4.64,4.33,4.46,4.85
SOT,sv248s,sv248s/04/000005,car,748,733,pure_small,1.0,1.0,,,5.45,4.82,4.41,4.44,5.36
SOT,sv248s,sv248s/04/000006,car,748,738,pure_small,1.0,1.0,,,7.43,7.08,6.41,6.43,7.38
SOT,sv248s,sv248s/04/000007,car,686,673,pure_small,1.0,1.0,,,6.53,5.49,4.52,4.54,6.45
SOT,sv248s,sv248s/04/000008,car,646,646,pure_small,1.0,1.0,,,4.89,4.58,4.45,4.48,4.81
SOT,sv248s,sv248s/04/000009,car,589,477,pure_small,1.0,1.0,,,5.3,4.44,3.79,3.88,5.08
SOT,sv248s,sv248s/04/000010,car,737,737,pure_small,1.0,1.0,,,5.35,4.71,4.47,4.5,5.27
SOT,sv248s,sv248s/04/000011,car-large,689,689,pure_small,1.0,1.0,,,7.63,6.63,6.27,6.35,7.11
SOT,sv248s,sv248s/04/000012,car,733,733,pure_small,1.0,1.0,,,5.03,4.34,3.96,4.12,4.91
SOT,sv248s,sv248s/04/000013,car,748,748,pure_small,1.0,1.0,,,7.06,5.06,4.72,4.72,6.77
SOT,sv248s,sv248s/04/000014,car,606,606,pure_small,1.0,1.0,,,5.01,4.72,4.11,4.29,5.01
SOT,sv248s,sv248s/04/000015,car,748,605,pure_small,1.0,1.0,,,4.72,4.12,3.76,3.82,4.47
SOT,sv248s,sv248s/04/000016,car,748,748,pure_small,1.0,1.0,,,6.94,5.54,4.13,4.17,6.53
SOT,sv248s,sv248s/04/000017,car,748,522,pure_small,1.0,1.0,,,6.81,6.17,5.56,5.74,6.81
SOT,sv248s,sv248s/04/000018,car,739,403,pure_small,1.0,1.0,,,6.26,5.86,4.85,4.94,6.22
SOT,sv248s,sv248s/04/000019,car,693,693,pure_small,1.0,1.0,,,6.71,5.6,4.59,4.61,6.66
SOT,sv248s,sv248s/04/000020,car,676,676,pure_small,1.0,1.0,,,7.0,5.78,4.21,4.58,6.96
SOT,sv248s,sv248s/04/000021,car,748,748,pure_small,1.0,1.0,,,4.61,4.14,3.92,3.99,4.33
SOT,sv248s,sv248s/04/000022,car,748,748,pure_small,1.0,1.0,,,5.57,4.74,3.67,3.67,5.57
SOT,sv248s,sv248s/04/000023,car,748,557,pure_small,1.0,1.0,,,4.87,4.53,3.23,3.85,4.82
SOT,sv248s,sv248s/04/000024,car,478,478,pure_small,1.0,1.0,,,5.47,5.46,4.54,4.57,5.47
SOT,sv248s,sv248s/04/000025,car,748,508,pure_small,1.0,1.0,,,7.2,5.6,5.0,5.0,7.15
SOT,sv248s,sv248s/04/000026,car,277,277,pure_small,1.0,1.0,,,6.57,6.57,5.4,5.56,6.57
SOT,sv248s,sv248s/04/000027,car,684,684,pure_small,1.0,1.0,,,6.22,4.86,4.6,4.6,6.04
SOT,sv248s,sv248s/04/000028,car,748,748,pure_small,1.0,1.0,,,5.99,5.14,4.48,4.88,5.81
SOT,sv248s,sv248s/04/000029,car,583,583,pure_small,1.0,1.0,,,5.46,5.33,3.6,4.24,5.33
SOT,sv248s,sv248s/04/000030,car,748,748,pure_small,1.0,1.0,,,7.27,5.93,4.61,4.7,6.51
SOT,sv248s,sv248s/04/000031,car,413,413,pure_small,1.0,1.0,,,5.83,4.76,4.11,4.38,5.83
SOT,sv248s,sv248s/04/000032,car,748,574,pure_small,1.0,1.0,,,5.92,4.99,4.06,4.56,5.71
SOT,sv248s,sv248s/04/000033,car,575,575,pure_small,1.0,1.0,,,5.42,5.1,4.73,4.99,5.42
SOT,sv248s,sv248s/04/000034,car,748,748,pure_small,1.0,1.0,,,6.52,5.43,4.16,4.29,6.5
SOT,sv248s,sv248s/04/000035,car,708,626,pure_small,1.0,1.0,,,6.91,5.68,5.14,5.33,6.38
SOT,sv248s,sv248s/04/000036,car,748,457,pure_small,1.0,1.0,,,6.04,6.01,5.97,6.01,6.01
SOT,sv248s,sv248s/04/000037,car,748,748,pure_small,1.0,1.0,,,5.88,4.94,4.53,4.7,5.73
SOT,sv248s,sv248s/04/000038,car,653,653,pure_small,1.0,1.0,,,4.96,4.58,4.16,4.21,4.88
SOT,sv248s,sv248s/04/000039,plane,748,748,pure_large,0.0,0.0,,,41.14,40.43,37.52,37.97,41.14
SOT,sv248s,sv248s/05/000000,car,580,580,pure_small,1.0,1.0,,,4.66,4.09,3.64,3.78,4.56
SOT,sv248s,sv248s/05/000001,car,749,749,pure_small,1.0,1.0,,,8.33,4.77,3.96,4.43,6.89
SOT,sv248s,sv248s/05/000002,car,749,711,pure_small,1.0,1.0,,,8.85,5.84,3.96,4.69,8.51
SOT,sv248s,sv248s/05/000003,car,749,749,pure_small,1.0,1.0,,,6.78,5.54,4.6,4.75,6.25
SOT,sv248s,sv248s/05/000006,car-large,749,749,pure_small,1.0,1.0,,,22.86,20.94,19.97,20.09,21.97
SOT,sv248s,sv248s/05/000007,car,749,749,pure_small,1.0,1.0,,,8.45,7.76,5.37,5.79,8.45
SOT,sv248s,sv248s/05/000008,car,747,747,pure_small,1.0,1.0,,,9.03,7.67,5.02,5.84,8.96
SOT,sv248s,sv248s/05/000009,car,749,616,pure_small,1.0,1.0,,,9.49,7.67,6.5,7.3,9.23
SOT,sv248s,sv248s/05/000010,car,749,749,pure_small,1.0,1.0,,,8.43,7.63,5.55,5.73,8.38
SOT,sv248s,sv248s/05/000011,car,749,749,pure_small,1.0,1.0,,,7.54,6.19,5.62,5.62,7.53
SOT,sv248s,sv248s/05/000012,car,749,749,pure_small,1.0,1.0,,,7.47,6.6,5.15,5.75,6.65
SOT,sv248s,sv248s/05/000013,car,740,740,pure_small,1.0,1.0,,,10.75,8.39,8.38,8.38,9.07
SOT,sv248s,sv248s/05/000014,car,749,749,pure_small,1.0,1.0,,,9.93,8.38,7.41,8.38,8.98
SOT,sv248s,sv248s/05/000015,car,749,749,pure_small,1.0,1.0,,,9.44,6.54,5.08,5.27,8.9
SOT,sv248s,sv248s/05/000016,car,749,749,pure_small,1.0,1.0,,,11.14,7.74,6.97,7.59,10.02
SOT,sv248s,sv248s/05/000017,car,661,661,pure_small,1.0,1.0,,,7.1,6.46,5.41,5.9,7.1
SOT,sv248s,sv248s/05/000018,car,749,749,pure_small,1.0,1.0,,,6.7,5.41,4.77,4.99,6.43
SOT,sv248s,sv248s/05/000019,car,749,749,pure_small,1.0,1.0,,,9.59,7.73,7.73,7.73,8.59
SOT,sv248s,sv248s/05/000020,car,749,749,pure_small,1.0,1.0,,,7.54,6.45,5.24,6.25,6.91
SOT,sv248s,sv248s/05/000021,car,749,749,pure_small,1.0,1.0,,,7.25,5.88,4.41,4.75,7.06
SOT,sv248s,sv248s/05/000022,car,632,632,pure_small,1.0,1.0,,,7.78,6.04,5.13,5.35,7.36
SOT,sv248s,sv248s/05/000023,car-large,723,723,pure_small,1.0,1.0,,,22.45,16.46,12.28,13.41,22.38
SOT,sv248s,sv248s/05/000024,car,672,515,pure_small,1.0,1.0,,,6.16,5.69,5.1,5.29,6.16
SOT,sv248s,sv248s/05/000025,car,460,460,pure_small,1.0,1.0,,,6.45,6.25,5.72,5.77,6.37
SOT,sv248s,sv248s/05/000026,car,698,564,pure_small,1.0,1.0,,,6.52,5.94,5.3,5.38,6.48
SOT,sv248s,sv248s/05/000027,car,732,683,pure_small,1.0,1.0,,,8.61,6.09,5.43,5.43,7.68
SOT,sv248s,sv248s/05/000028,car,749,749,pure_small,1.0,1.0,,,10.5,8.77,7.8,7.8,10.46
SOT,sv248s,sv248s/05/000029,car,749,749,pure_small,1.0,1.0,,,7.34,6.32,5.44,5.72,7.18
SOT,sv248s,sv248s/05/000030,car,749,649,pure_small,1.0,1.0,,,6.59,5.59,5.52,5.52,6.5
SOT,sv248s,sv248s/05/000031,car,748,748,pure_small,1.0,1.0,,,14.01,11.67,9.96,10.08,13.72
SOT,sv248s,sv248s/05/000032,car,749,749,pure_small,1.0,1.0,,,5.88,5.44,5.43,5.43,5.88
SOT,sv248s,sv248s/05/000033,car,749,749,pure_small,1.0,1.0,,,7.33,5.54,5.54,5.54,7.21
SOT,sv248s,sv248s/05/000034,car,748,748,pure_small,1.0,1.0,,,8.08,6.71,5.3,5.78,7.8
SOT,sv248s,sv248s/05/000035,car,748,748,pure_small,1.0,1.0,,,7.12,5.53,5.42,5.53,7.12
SOT,sv248s,sv248s/05/000036,car,748,748,pure_small,1.0,1.0,,,6.68,6.68,4.48,4.83,6.68
SOT,sv248s,sv248s/05/000037,car,749,749,pure_small,1.0,1.0,,,6.76,5.0,4.64,4.69,5.78
SOT,sv248s,sv248s/05/000038,car,749,749,pure_small,1.0,1.0,,,8.4,6.53,5.52,5.57,7.89
SOT,sv248s,sv248s/05/000039,car,749,749,pure_small,1.0,1.0,,,11.92,9.87,7.87,7.92,11.72
SOT,sv248s,sv248s/06/000000,plane,499,499,pure_large,0.0,0.0,,,56.94,55.67,55.67,55.67,56.94
SOT,sv248s,sv248s/06/000001,car,499,499,pure_small,1.0,1.0,,,4.85,4.83,4.83,4.83,4.84
SOT,sv248s,sv248s/06/000002,car,499,499,pure_small,1.0,1.0,,,5.46,5.46,5.14,5.21,5.46
SOT,sv248s,sv248s/06/000003,car,499,499,pure_small,1.0,1.0,,,5.24,4.29,4.2,4.2,5.24
SOT,sv248s,sv248s/06/000004,car,499,499,pure_small,1.0,1.0,,,6.71,5.32,4.64,4.79,6.66
SOT,sv248s,sv248s/06/000005,car,499,499,pure_small,1.0,1.0,,,6.19,4.69,4.35,4.35,6.0
SOT,sv248s,sv248s/06/000007,car,486,486,pure_small,1.0,1.0,,,4.84,4.83,4.54,4.58,4.83
SOT,sv248s,sv248s/06/000008,car,499,499,pure_small,1.0,1.0,,,6.96,5.59,5.13,5.31,6.71
SOT,sv248s,sv248s/06/000009,car,499,499,pure_small,1.0,1.0,,,5.52,5.03,4.78,4.78,5.46
SOT,sv248s,sv248s/06/000010,car,499,499,pure_small,1.0,1.0,,,6.09,5.82,4.55,4.55,6.09
SOT,sv248s,sv248s/06/000011,car,499,499,pure_small,1.0,1.0,,,6.03,5.09,4.93,5.06,5.61
SOT,sv248s,sv248s/06/000012,car,499,499,pure_small,1.0,1.0,,,5.09,5.08,4.91,4.96,5.09
SOT,sv248s,sv248s/06/000013,car,499,499,pure_small,1.0,1.0,,,5.15,4.94,3.66,3.76,5.15
SOT,sv248s,sv248s/06/000014,car,475,475,pure_small,1.0,1.0,,,4.92,4.92,4.25,4.37,4.92
SOT,sv248s,sv248s/06/000016,car,460,460,pure_small,1.0,1.0,,,4.97,4.82,4.6,4.62,4.92
SOT,sv248s,sv248s/06/000017,car,470,470,pure_small,1.0,1.0,,,4.8,4.27,4.23,4.23,4.8
SOT,sv248s,sv248s/06/000018,car,470,470,pure_small,1.0,1.0,,,4.54,4.54,4.33,4.4,4.54
SOT,sv248s,sv248s/06/000019,car,490,490,pure_small,1.0,1.0,,,5.02,4.52,4.16,4.18,5.02
SOT,sv248s,sv248s/06/000020,car,490,490,pure_small,1.0,1.0,,,5.38,4.89,4.11,4.13,5.38
SOT,sv248s,sv248s/06/000021,car,490,490,pure_small,1.0,1.0,,,4.86,4.28,4.02,4.03,4.81
SOT,sv248s,sv248s/06/000022,car,499,372,pure_small,1.0,1.0,,,4.53,3.85,3.46,3.5,4.45
SOT,sv248s,sv248s/06/000023,car,490,490,pure_small,1.0,1.0,,,4.19,4.19,3.97,4.03,4.19
SOT,sv248s,sv248s/06/000024,car,499,499,pure_small,1.0,1.0,,,8.24,5.69,4.53,4.93,7.26
SOT,sv248s,sv248s/06/000025,car,490,490,pure_small,1.0,1.0,,,4.08,3.84,3.67,3.68,4.03
SOT,sv248s,sv248s/06/000026,car,489,489,pure_small,1.0,1.0,,,5.31,4.59,4.03,4.04,5.19
SOT,sv248s,sv248s/06/000028,car,499,499,pure_small,1.0,1.0,,,4.94,4.77,4.33,4.48,4.94
SOT,sv248s,sv248s/06/000029,car,490,441,pure_small,1.0,1.0,,,5.39,4.92,4.36,4.47,5.25
SOT,sv248s,sv248s/06/000030,car,490,490,pure_small,1.0,1.0,,,5.3,4.49,4.26,4.29,5.11
SOT,sv248s,sv248s/06/000031,car,490,490,pure_small,1.0,1.0,,,5.15,5.11,4.98,5.0,5.15
SOT,sv248s,sv248s/06/000032,car,490,490,pure_small,1.0,1.0,,,5.26,5.21,4.65,4.84,5.26
SOT,sv248s,sv248s/06/000033,car,499,499,pure_small,1.0,1.0,,,7.05,6.66,5.98,6.19,6.95
SOT,sv248s,sv248s/06/000034,car,475,475,pure_small,1.0,1.0,,,5.95,5.37,5.07,5.18,5.82
SOT,sv248s,sv248s/06/000035,car,490,490,pure_small,1.0,1.0,,,6.6,6.02,5.35,5.35,6.35
SOT,sv248s,sv248s/06/000036,car,499,499,pure_small,1.0,1.0,,,5.99,5.63,5.29,5.39,5.93
SOT,sv248s,sv248s/06/000037,car,475,475,pure_small,1.0,1.0,,,5.0,4.89,4.84,4.84,5.0
SOT,sv248s,sv248s/06/000038,car,499,499,pure_small,1.0,1.0,,,5.91,5.55,5.13,5.13,5.59
SOT,sv248s,sv248s/06/000039,car,499,499,pure_small,1.0,1.0,,,6.2,5.29,5.13,5.17,6.19
SOT,sv248s,sv248s/06/000040,car,499,499,pure_small,1.0,1.0,,,6.89,6.65,6.1,6.1,6.75
SOT,sv248s,sv248s/06/000041,car,480,480,pure_small,1.0,1.0,,,5.3,4.67,3.85,3.94,5.24
SOT,sv248s,sv248s/06/000042,car,490,490,pure_small,1.0,1.0,,,4.56,4.22,4.08,4.09,4.48
SOT,sv248s,sv248s/06/000043,car,499,499,pure_small,1.0,1.0,,,7.17,6.38,4.57,4.94,6.93
SOT,sv248s,sv248s/06/000044,car,499,499,pure_small,1.0,1.0,,,6.44,5.3,4.07,4.67,6.21
SOT,sv248s,sv248s/06/000045,car,499,499,pure_small,1.0,1.0,,,5.6,4.96,3.62,3.75,5.27
SOT,sv248s,sv248s/06/000046,car,490,490,pure_small,1.0,1.0,,,5.41,4.58,4.15,4.41,5.41
SOT,sv248s,sv248s/06/000047,car,490,352,pure_small,1.0,1.0,,,5.18,4.9,4.74,4.77,5.07
MOT,airmot,airmot/3,airplane,143,143,pure_small,1.0,1.0,airplane,airplane:1.000,29.46,29.46,29.46,29.46,29.46
MOT,airmot,airmot/4,airplane,143,143,pure_large,0.0,0.0,airplane,airplane:0.000,32.94,32.5,32.5,32.5,32.94
MOT,airmot,airmot/5,airplane,143,858,mixed,0.1713,0.1667,airplane,airplane:0.171,51.99,45.43,29.98,29.98,51.99
MOT,airmot,airmot/6,airplane,143,110,pure_small,1.0,0.1727,airplane,airplane:1.000,29.85,29.85,21.42,24.06,29.85
MOT,airmot,airmot/7,airplane,143,2431,mixed,0.5882,0.4706,airplane,airplane:0.588,55.44,30.46,24.98,24.98,55.44
MOT,airmot,airmot/8,airplane,143,1892,mixed,0.852,0.5386,airplane,airplane:0.852,35.87,29.29,21.42,24.49,35.87
MOT,airmot,airmot/11,airplane,143,715,mixed,0.8,0.4,airplane,airplane:0.800,50.48,31.02,21.91,21.91,50.48
MOT,airmot,airmot/12,ship,325,41155,pure_small,1.0,1.0,ship,ship:1.000,14.46,8.06,3.87,6.48,11.83
MOT,airmot,airmot/13,ship,325,2579,mixed,0.874,0.874,ship,ship:0.874,49.11,7.48,5.92,5.92,49.11
MOT,airmot,airmot/14,ship,325,851,pure_small,1.0,1.0,ship,ship:1.000,9.17,8.49,6.0,7.48,9.17
MOT,airmot,airmot/15,ship,325,3724,pure_small,1.0,1.0,ship,ship:1.000,12.49,7.48,5.92,6.93,10.2
MOT,airmot,airmot/16,ship,325,7742,mixed,0.958,0.958,ship,ship:0.958,49.32,7.94,5.48,6.93,11.96
MOT,airmot,airmot/17,ship,325,325,pure_small,1.0,1.0,ship,ship:1.000,14.7,14.07,13.67,14.07,14.7
MOT,airmot,airmot/18,ship,326,4564,pure_small,1.0,1.0,ship,ship:1.000,16.31,13.07,6.71,6.71,16.31
MOT,airmot,airmot/19,ship,326,3033,mixed,0.8925,0.5101,ship,ship:0.892,92.81,22.58,8.77,9.49,92.81
MOT,airmot,airmot/20,ship,326,902,pure_small,1.0,0.4058,ship,ship:1.000,24.33,19.9,14.14,16.31,24.33
MOT,airmot,airmot/21,ship,326,2269,mixed,0.963,0.963,ship,ship:0.963,42.47,15.87,5.0,7.75,22.85
MOT,airmot,airmot/22,ship,326,3470,mixed,0.4761,0.2818,ship,ship:0.476,130.91,37.47,11.53,13.08,130.91
MOT,airmot,airmot/23,ship,326,7088,mixed,0.6899,0.5519,ship,ship:0.690,160.47,18.25,8.49,9.49,101.09
MOT,airmot,airmot/24,ship,326,3002,mixed,0.8914,0.457,ship,ship:0.891,74.9,26.94,7.48,8.94,74.9
MOT,airmot,airmot/25,ship,326,1748,mixed,0.3856,0.373,ship,ship:0.386,74.41,42.43,16.31,16.31,74.41
MOT,airmot,airmot/26,ship,326,921,mixed,0.9522,0.646,ship,ship:0.952,35.1,19.97,10.82,12.41,31.84
MOT,airmot,airmot/27,ship,326,250,pure_small,1.0,1.0,ship,ship:1.000,12.69,12.69,7.35,9.54,12.69
MOT,airmot,airmot/28,ship,326,4238,mixed,0.4615,0.3077,ship,ship:0.462,67.26,32.31,10.82,10.82,67.26
MOT,airmot,airmot/29,airplane,326,978,pure_large,0.0,0.0,airplane,airplane:0.000,63.5,56.99,50.2,55.48,63.5
MOT,airmot,airmot/30,airplane,326,1091,mixed,0.0871,0.0339,airplane,airplane:0.087,57.48,36.78,21.17,29.0,57.48
MOT,airmot,airmot/31,airplane,326,2791,mixed,0.2694,0.2451,airplane,airplane:0.269,65.48,37.42,20.78,25.83,63.45
MOT,airmot,airmot/32,airplane,326,1956,mixed,0.3333,0.3333,airplane,airplane:0.333,69.35,47.25,22.98,23.49,65.88
MOT,airmot,airmot/33,ship,326,326,pure_large,0.0,0.0,ship,ship:0.000,79.09,79.09,79.09,79.09,79.09
MOT,airmot,airmot/35,airplane,326,44,pure_large,0.0,0.0,airplane,airplane:0.000,62.0,61.5,46.95,60.99,62.0
MOT,airmot,airmot/36,airplane,326,326,pure_large,0.0,0.0,airplane,airplane:0.000,39.99,37.88,35.65,35.65,39.5
MOT,airmot,airmot/37,ship,326,481,mixed,0.0437,0.0,ship,ship:0.044,123.84,123.84,27.87,32.19,123.84
MOT,airmot,airmot/38,ship,326,171,mixed,0.1754,0.0,ship,ship:0.175,38.47,38.47,27.87,30.11,38.47
MOT,airmot,airmot/39,airplane,326,326,pure_large,0.0,0.0,airplane,airplane:0.000,40.5,38.47,35.78,35.78,40.0
MOT,airmot,airmot/40,ship,326,978,mixed,0.3333,0.2546,ship,ship:0.333,47.43,46.83,27.93,27.93,47.43
MOT,airmot,airmot/41,airplane,327,981,pure_large,0.0,0.0,airplane,airplane:0.000,40.25,38.79,38.47,38.47,40.25
MOT,airmot,airmot/42,airplane,327,650,pure_small,1.0,1.0,airplane,airplane:1.000,29.98,28.84,27.39,27.39,29.98
MOT,airmot,airmot/43,airplane,327,6754,mixed,0.0382,0.0,airplane,airplane:0.038,71.83,39.42,29.17,33.76,64.99
MOT,airmot,airmot/44,airplane,327,1025,pure_large,0.0,0.0,airplane,airplane:0.000,62.45,34.99,34.47,34.47,40.69
MOT,airmot,airmot/45,airplane,327,5044,mixed,0.3517,0.3241,airplane,airplane:0.352,40.99,36.95,17.44,17.44,40.99
MOT,airmot,airmot/46,airplane,327,7111,mixed,0.6244,0.5783,airplane,airplane:0.624,63.45,30.46,19.42,20.45,62.99
MOT,airmot,airmot/47,airplane,327,2696,mixed,0.0022,0.0,airplane,airplane:0.002,44.43,37.99,27.22,34.21,44.43
MOT,airmot,airmot/48,airplane,326,18,pure_small,1.0,1.0,airplane,airplane:1.000,27.46,26.93,20.35,22.44,27.46
MOT,airmot,airmot/49,airplane,326,134,pure_small,1.0,1.0,airplane,airplane:1.000,30.0,26.83,21.42,26.83,29.5
MOT,airmot,airmot/50,ship,326,333,pure_small,1.0,1.0,airplane|ship,airplane:1.000|ship:1.000,26.83,22.58,20.49,22.58,22.58
MOT,airmot,airmot/51,ship,326,1304,mixed,0.75,0.75,ship,ship:0.750,50.52,15.45,10.49,11.0,50.52
MOT,airmot,airmot/52,ship,326,331,pure_small,1.0,1.0,airplane|ship,airplane:1.000|ship:1.000,30.5,25.69,23.66,25.69,25.69
MOT,airmot,airmot/53,airplane,326,326,pure_large,0.0,0.0,airplane,airplane:0.000,50.5,44.02,42.85,42.85,49.48
MOT,airmot,airmot/54,airplane,326,6194,mixed,0.9474,0.9474,airplane,airplane:0.947,41.41,14.97,10.0,10.0,41.41
MOT,airmot,airmot/55,airplane,326,3260,mixed,0.4672,0.4,airplane,airplane:0.467,53.77,35.8,13.96,13.96,53.77
MOT,airmot,airmot/56,airplane,326,3156,pure_small,1.0,1.0,airplane,airplane:1.000,15.49,9.38,6.48,7.48,15.49
MOT,airmot,airmot/57,airplane,326,187,pure_small,1.0,1.0,airplane,airplane:1.000,16.43,14.97,11.31,14.97,14.97
MOT,airmot,airmot/58,ship,326,1346,pure_small,1.0,1.0,ship,ship:1.000,13.42,11.62,5.66,8.37,13.42
MOT,airmot,airmot/59,ship,326,2734,pure_small,1.0,1.0,ship,ship:1.000,17.66,11.0,5.0,6.93,16.43
MOT,airmot,airmot/60,ship,326,2734,mixed,0.7304,0.7217,ship,ship:0.730,44.5,8.83,6.32,6.32,44.5
MOT,airmot,airmot/61,ship,326,2838,mixed,0.6554,0.6554,ship,ship:0.655,87.33,12.96,4.9,5.92,87.26
MOT,airmot,airmot/62,ship,326,4317,mixed,0.7735,0.6979,ship,ship:0.773,79.13,12.0,7.42,8.12,79.13
MOT,airmot,airmot/63,ship,326,52615,mixed,0.9413,0.8455,ship,ship:0.941,51.96,16.49,5.0,7.07,33.47
MOT,airmot,airmot/64,airplane,72,864,mixed,0.9167,0.9167,airplane,airplane:0.917,36.95,27.25,20.9,20.9,36.95
MOT,airmot,airmot/65,airplane,72,288,mixed,0.25,0.0,airplane,airplane:0.250,53.85,47.96,29.85,29.85,53.85
MOT,airmot,airmot/66,ship,72,4896,pure_small,1.0,0.9853,ship,ship:1.000,21.82,8.43,5.92,6.32,18.33
MOT,airmot,airmot/67,ship,70,700,pure_small,1.0,1.0,ship,ship:1.000,18.97,15.3,12.65,12.65,18.97
MOT,airmot,airmot/68,ship,70,6090,pure_small,1.0,0.9885,ship,ship:1.000,26.94,9.49,6.0,6.32,20.35
MOT,airmot,airmot/95,ship,326,2103,pure_small,1.0,1.0,ship,ship:1.000,12.65,9.17,7.35,7.48,12.25
MOT,airmot,airmot/96,ship,326,5584,pure_small,1.0,1.0,ship,ship:1.000,17.94,9.49,7.48,7.48,17.94
MOT,airmot,airmot/97,ship,326,652,pure_small,1.0,1.0,ship,ship:1.000,13.86,10.71,7.75,7.75,13.27
MOT,airmot,airmot/98,ship,326,456,mixed,0.8838,0.8509,ship,ship:0.884,36.22,12.37,10.58,10.58,36.22
MOT,airmot,airmot/99,ship,326,2575,pure_small,1.0,1.0,ship,ship:1.000,10.49,7.48,5.92,5.92,9.95
MOT,airmot,airmot/100,ship,326,83652,mixed,0.9961,0.9961,ship,ship:0.996,71.44,8.37,4.9,6.32,17.32
MOT,satmtb,satmtb/airplane/02,mixed,93,279,mixed,0.6667,0.6667,airplane|ship,airplane:0.500|ship:1.000,40.52,25.14,7.53,7.54,40.51
MOT,satmtb,satmtb/airplane/03,airplane,173,346,pure_large,0.0,0.0,airplane,airplane:0.000,36.59,34.81,34.16,34.16,36.59
MOT,satmtb,satmtb/airplane/04,airplane,145,145,pure_large,0.0,0.0,airplane,airplane:0.000,53.31,51.72,46.25,51.72,51.72
MOT,satmtb,satmtb/airplane/05,airplane,258,774,mixed,0.0749,0.0,airplane,airplane:0.075,65.79,48.93,28.99,31.08,64.76
MOT,satmtb,satmtb/airplane/06,mixed,178,12510,mixed,0.9471,0.9471,airplane|car,airplane:0.000|car:1.000,64.82,5.39,3.56,4.51,43.67
MOT,satmtb,satmtb/airplane/07,airplane,215,430,pure_large,0.0,0.0,airplane,airplane:0.000,54.04,52.23,42.04,43.41,53.07
MOT,satmtb,satmtb/airplane/08,airplane,152,152,pure_large,0.0,0.0,airplane,airplane:0.000,48.44,45.1,44.22,44.36,47.31
MOT,satmtb,satmtb/airplane/09,mixed,288,6441,mixed,0.8864,0.8803,airplane|car,airplane:0.072|car:1.000,97.91,5.36,3.72,4.65,55.18
MOT,satmtb,satmtb/airplane/10,airplane,288,576,pure_large,0.0,0.0,airplane,airplane:0.000,69.41,59.68,49.0,52.72,67.63
MOT,satmtb,satmtb/airplane/11,mixed,288,12556,mixed,0.9771,0.9771,airplane|car,airplane:0.000|car:1.000,53.11,5.46,3.78,4.36,8.75
MOT,satmtb,satmtb/airplane/12,airplane,243,537,mixed,0.0037,0.0,airplane,airplane:0.004,99.43,79.61,29.79,42.03,97.89
MOT,satmtb,satmtb/airplane/13,mixed,243,4293,mixed,0.9434,0.9434,airplane|car,airplane:0.000|car:1.000,39.93,4.83,4.16,4.42,39.91
MOT,satmtb,satmtb/airplane/14,airplane,243,243,pure_large,0.0,0.0,airplane,airplane:0.000,87.01,87.01,87.0,87.0,87.01
MOT,satmtb,satmtb/airplane/15,airplane,293,393,mixed,0.2545,0.2545,airplane,airplane:0.255,53.9,53.88,21.73,28.48,53.9
MOT,satmtb,satmtb/airplane/16,airplane,293,819,mixed,0.1111,0.1111,airplane,airplane:0.111,52.27,45.47,18.49,29.36,52.04
MOT,satmtb,satmtb/airplane/17,mixed,293,8511,mixed,0.9656,0.9656,airplane|car,airplane:0.000|car:1.000,36.0,5.03,3.97,4.53,11.45
MOT,satmtb,satmtb/airplane/18,airplane,233,321,mixed,0.0031,0.0,airplane,airplane:0.003,39.9,39.89,30.5,39.58,39.9
MOT,satmtb,satmtb/airplane/19,airplane,80,80,pure_large,0.0,0.0,airplane,airplane:0.000,43.46,43.2,42.64,42.71,43.46
MOT,satmtb,satmtb/airplane/20,airplane,193,386,pure_large,0.0,0.0,airplane,airplane:0.000,59.82,57.92,43.88,52.03,59.56
MOT,satmtb,satmtb/airplane/21,airplane,193,579,pure_large,0.0,0.0,airplane,airplane:0.000,55.95,50.71,39.84,47.27,54.58
MOT,satmtb,satmtb/airplane/22,mixed,193,13598,mixed,0.9432,0.9432,airplane|car,airplane:0.000|car:1.000,103.53,5.43,3.63,4.3,50.41
MOT,satmtb,satmtb/airplane/23,airplane,64,78,pure_large,0.0,0.0,airplane,airplane:0.000,52.66,52.19,47.18,48.81,52.65
MOT,satmtb,satmtb/airplane/24,airplane,193,193,pure_large,0.0,0.0,airplane,airplane:0.000,56.07,55.36,52.91,52.91,56.06
MOT,satmtb,satmtb/airplane/25,mixed,140,4912,mixed,0.9715,0.9715,airplane|car,airplane:0.000|car:1.000,89.85,5.0,3.56,4.17,5.67
MOT,satmtb,satmtb/airplane/26,airplane,142,142,pure_large,0.0,0.0,airplane,airplane:0.000,50.62,50.61,50.61,50.61,50.62
MOT,satmtb,satmtb/airplane/27,mixed,319,70084,mixed,0.9888,0.9888,airplane|car,airplane:0.289|car:1.000,48.57,5.15,3.6,4.33,7.29
MOT,satmtb,satmtb/airplane/28,airplane,319,1951,pure_large,0.0,0.0,airplane,airplane:0.000,99.07,70.0,41.61,49.69,91.2
MOT,satmtb,satmtb/airplane/29,airplane,319,319,pure_large,0.0,0.0,airplane,airplane:0.000,58.17,53.42,43.66,47.1,55.6
MOT,satmtb,satmtb/airplane/30,airplane,319,510,pure_large,0.0,0.0,airplane,airplane:0.000,52.76,49.98,48.23,49.46,52.7
MOT,satmtb,satmtb/airplane/31,mixed,319,17966,mixed,0.9645,0.9645,airplane|car,airplane:0.000|car:1.000,52.9,5.3,3.54,4.59,13.88
MOT,satmtb,satmtb/airplane/32,airplane,283,283,pure_large,0.0,0.0,airplane,airplane:0.000,50.64,50.39,50.13,50.16,50.61
MOT,satmtb,satmtb/airplane/33,mixed,283,63231,mixed,0.9955,0.9955,airplane|car,airplane:0.000|car:1.000,94.19,5.39,3.66,4.6,7.0
MOT,satmtb,satmtb/airplane/34,airplane,283,764,pure_large,0.0,0.0,airplane,airplane:0.000,114.18,100.09,40.67,48.07,110.54
MOT,satmtb,satmtb/airplane/35,mixed,283,39089,mixed,0.9928,0.9928,airplane|car,airplane:0.000|car:1.000,60.1,5.31,3.72,4.57,6.7
MOT,satmtb,satmtb/airplane/36,mixed,324,14801,mixed,0.9562,0.9562,airplane|car,airplane:0.000|car:1.000,80.68,5.77,3.54,4.5,12.72
MOT,satmtb,satmtb/airplane/37,mixed,140,5948,mixed,0.9385,0.9385,airplane|car,airplane:0.000|car:1.000,52.4,5.0,3.73,4.4,39.11
MOT,satmtb,satmtb/airplane/38,airplane,140,120,pure_large,0.0,0.0,airplane,airplane:0.000,41.99,40.03,37.6,38.02,41.8
MOT,satmtb,satmtb/airplane/39,airplane,68,67,mixed,0.0299,0.0,airplane,airplane:0.030,54.1,54.1,25.59,44.84,54.1
MOT,satmtb,satmtb/airplane/40,mixed,325,15366,mixed,0.9577,0.9577,airplane|car,airplane:0.000|car:1.000,82.87,5.77,3.86,4.7,10.55
MOT,satmtb,satmtb/airplane/41,airplane,68,136,mixed,0.4118,0.3971,airplane,airplane:0.412,80.41,56.92,30.61,30.61,80.32
MOT,satmtb,satmtb/airplane/42,airplane,67,67,pure_large,0.0,0.0,airplane,airplane:0.000,71.86,71.86,71.85,71.85,71.86
MOT,satmtb,satmtb/airplane/43,mixed,141,1197,mixed,0.8822,0.7393,airplane|car,airplane:0.667|car:1.000,53.57,5.43,4.16,4.75,53.57
MOT,satmtb,satmtb/airplane/44,airplane,141,304,pure_large,0.0,0.0,airplane,airplane:0.000,67.45,54.18,40.84,40.85,67.45
MOT,satmtb,satmtb/airplane/45,airplane,141,490,mixed,0.0286,0.0,airplane,airplane:0.029,65.17,44.88,24.52,39.52,65.17
MOT,satmtb,satmtb/airplane/46,airplane,143,655,pure_large,0.0,0.0,airplane,airplane:0.000,65.52,45.11,36.58,39.14,65.49
MOT,satmtb,satmtb/airplane/47,mixed,45,786,mixed,0.9427,0.9427,airplane|car,airplane:0.000|car:1.000,75.53,5.09,4.17,4.58,73.48
MOT,satmtb,satmtb/airplane/48,mixed,114,1766,mixed,0.8063,0.8063,airplane|car,airplane:0.000|car:1.000,45.05,5.43,4.24,4.65,45.05
MOT,satmtb,satmtb/airplane/49,airplane,140,171,pure_large,0.0,0.0,airplane,airplane:0.000,69.73,45.99,45.98,45.98,68.51
MOT,satmtb,satmtb/airplane/50,mixed,141,3515,mixed,0.8797,0.8797,airplane|car,airplane:0.041|car:1.000,41.82,5.04,4.03,4.41,34.04
MOT,satmtb,satmtb/airplane/51,airplane,53,106,pure_large,0.0,0.0,airplane,airplane:0.000,61.15,59.01,53.27,53.75,61.15
MOT,satmtb,satmtb/airplane/52,airplane,137,137,pure_large,0.0,0.0,airplane,airplane:0.000,43.27,43.26,43.26,43.26,43.27
MOT,satmtb,satmtb/airplane/53,airplane,326,1928,mixed,0.3574,0.3563,airplane,airplane:0.357,41.85,33.81,19.79,21.17,41.5
MOT,satmtb,satmtb/airplane/54,airplane,325,559,mixed,0.9428,0.9428,airplane,airplane:0.943,46.96,18.64,8.0,11.25,46.96
MOT,satmtb,satmtb/airplane/55,airplane,325,369,mixed,0.1192,0.1192,airplane,airplane:0.119,37.72,36.26,9.35,11.14,37.61
MOT,satmtb,satmtb/airplane/56,airplane,326,465,pure_small,1.0,1.0,airplane,airplane:1.000,25.15,23.8,16.64,22.4,24.93
MOT,satmtb,satmtb/airplane/57,airplane,290,870,mixed,0.3333,0.3333,airplane,airplane:0.333,43.8,38.42,20.47,20.97,43.22
MOT,satmtb,satmtb/airplane/58,airplane,143,212,pure_small,1.0,1.0,airplane,airplane:1.000,27.08,23.4,18.09,22.64,26.08
MOT,satmtb,satmtb/airplane/59,airplane,144,144,pure_small,1.0,0.6111,airplane,airplane:1.000,30.23,29.13,29.13,29.13,30.23
MOT,satmtb,satmtb/airplane/60,mixed,143,885,pure_small,1.0,1.0,airplane|car,airplane:1.000|car:1.000,28.94,13.69,4.79,5.22,28.02
MOT,satmtb,satmtb/airplane/61,airplane,144,288,pure_large,0.0,0.0,airplane,airplane:0.000,54.61,44.07,33.18,33.18,54.61
MOT,satmtb,satmtb/airplane/62,airplane,326,284,mixed,0.0246,0.007,airplane,airplane:0.025,40.08,40.08,10.95,35.22,40.08
MOT,satmtb,satmtb/airplane/63,airplane,432,2160,mixed,0.8,0.8,airplane,airplane:0.800,42.31,24.15,22.77,23.33,42.31
MOT,satmtb,satmtb/car/01,car,135,1376,pure_small,1.0,1.0,car,car:1.000,5.45,3.57,2.62,2.65,5.25
MOT,satmtb,satmtb/car/02,car,65,3868,pure_small,1.0,1.0,car,car:1.000,8.0,3.68,2.11,2.92,5.49
MOT,satmtb,satmtb/car/03,mixed,65,2243,mixed,0.9719,0.9719,car|ship,car:1.000|ship:0.000,52.23,3.92,2.78,3.08,5.1
MOT,satmtb,satmtb/car/04,car,30,519,pure_small,1.0,1.0,car,car:1.000,7.77,4.15,3.1,3.38,5.14
MOT,satmtb,satmtb/car/05,mixed,30,499,pure_small,1.0,1.0,car|ship,car:1.000|ship:1.000,5.01,3.5,2.71,2.71,5.01
MOT,satmtb,satmtb/car/06,car,65,2588,pure_small,1.0,1.0,car,car:1.000,10.85,3.63,2.18,2.49,6.91
MOT,satmtb,satmtb/car/07,car,65,1111,pure_small,1.0,1.0,car,car:1.000,8.1,3.96,2.68,3.49,7.85
MOT,satmtb,satmtb/car/08,car,300,4071,pure_small,1.0,1.0,car,car:1.000,10.19,3.94,2.14,3.32,6.26
MOT,satmtb,satmtb/car/09,car,200,3290,pure_small,1.0,1.0,car,car:1.000,18.28,4.65,2.13,3.21,15.76
MOT,satmtb,satmtb/car/10,car,100,5419,pure_small,1.0,1.0,car,car:1.000,11.04,4.53,2.94,3.42,7.12
MOT,satmtb,satmtb/car/11,car,200,3479,pure_small,1.0,1.0,car,car:1.000,15.1,4.01,1.45,3.07,13.67
MOT,satmtb,satmtb/car/12,car,200,2641,pure_small,1.0,1.0,car,car:1.000,15.38,5.68,3.21,4.0,14.75
MOT,satmtb,satmtb/car/15,car,100,4054,pure_small,1.0,1.0,car,car:1.000,9.13,4.04,2.38,2.83,7.41
MOT,satmtb,satmtb/car/16,car,100,3955,pure_small,1.0,1.0,car,car:1.000,9.97,4.43,2.41,3.32,8.2
MOT,satmtb,satmtb/car/17,car,100,1333,pure_small,1.0,1.0,car,car:1.000,13.82,6.46,3.59,4.65,12.48
MOT,satmtb,satmtb/car/18,mixed,150,6153,mixed,0.9756,0.9756,airplane|car,airplane:0.667|car:1.000,48.47,4.86,3.07,3.61,9.37
MOT,satmtb,satmtb/car/19,car,100,1023,pure_small,1.0,1.0,car,car:1.000,11.61,4.76,2.1,3.99,8.19
MOT,satmtb,satmtb/car/20,mixed,100,1218,mixed,0.9852,0.9852,airplane|car,airplane:0.143|car:1.000,36.44,3.6,2.13,2.95,10.36
MOT,satmtb,satmtb/car/21,car,100,1581,pure_small,1.0,1.0,car,car:1.000,12.4,3.57,2.53,2.65,6.11
MOT,satmtb,satmtb/car/22,mixed,100,3414,pure_small,1.0,1.0,car|ship,car:1.000|ship:1.000,8.12,4.43,2.5,2.89,5.69
MOT,satmtb,satmtb/car/23,car,100,6561,pure_small,1.0,1.0,car,car:1.000,6.85,4.69,2.32,4.1,5.92
MOT,satmtb,satmtb/car/24,car,100,5080,pure_small,1.0,1.0,car,car:1.000,13.23,5.35,2.38,4.09,10.0
MOT,satmtb,satmtb/car/25,mixed,200,1879,mixed,0.901,0.8978,airplane|car,airplane:0.070|car:1.000,41.55,4.51,2.67,3.42,38.69
MOT,satmtb,satmtb/car/26,mixed,200,6226,mixed,0.9749,0.9738,airplane|car,airplane:0.082|car:1.000,39.01,3.99,1.97,3.01,9.9
MOT,satmtb,satmtb/car/27,mixed,200,1386,pure_small,1.0,1.0,car|ship,car:1.000|ship:1.000,6.67,4.89,2.01,3.77,5.97
MOT,satmtb,satmtb/car/28,car,100,3446,pure_small,1.0,1.0,car,car:1.000,8.23,3.84,2.6,3.11,5.53
MOT,satmtb,satmtb/car/29,car,200,1894,pure_small,1.0,1.0,car,car:1.000,8.29,4.5,3.26,3.82,6.59
MOT,satmtb,satmtb/car/30,car,300,2293,pure_small,1.0,1.0,car,car:1.000,7.08,3.72,2.41,2.88,5.17
MOT,satmtb,satmtb/car/31,mixed,200,9307,pure_small,1.0,1.0,airplane|car,airplane:1.000|car:1.000,18.32,4.66,2.07,3.36,7.88
MOT,satmtb,satmtb/car/32,car,150,6681,pure_small,1.0,1.0,car,car:1.000,9.83,4.12,2.4,3.38,5.3
MOT,satmtb,satmtb/car/33,car,150,4216,pure_small,1.0,1.0,car,car:1.000,6.72,4.15,2.36,3.05,5.55
MOT,satmtb,satmtb/car/34,car,100,4289,pure_small,1.0,1.0,car,car:1.000,6.57,4.34,3.15,3.42,6.06
MOT,satmtb,satmtb/car/35,car,150,3967,pure_small,1.0,1.0,car,car:1.000,11.87,4.61,2.4,3.65,7.19
MOT,satmtb,satmtb/car/36,car,100,5156,pure_small,1.0,1.0,car,car:1.000,12.78,4.96,3.0,3.91,7.69
MOT,satmtb,satmtb/car/37,car,100,1036,pure_small,1.0,1.0,car,car:1.000,11.01,5.06,3.42,4.14,11.01
MOT,satmtb,satmtb/car/38,car,200,1552,pure_small,1.0,1.0,car,car:1.000,6.13,4.26,2.64,3.09,5.38
MOT,satmtb,satmtb/car/39,car,100,2209,pure_small,1.0,1.0,car,car:1.000,7.57,4.99,2.75,3.95,6.39
MOT,satmtb,satmtb/car/40,car,100,1875,pure_small,1.0,1.0,car,car:1.000,5.18,3.78,2.72,2.92,4.9
MOT,satmtb,satmtb/car/41,car,100,3473,pure_small,1.0,1.0,car,car:1.000,4.99,3.43,2.3,2.41,4.24
MOT,satmtb,satmtb/car/42,car,100,1405,pure_small,1.0,1.0,car,car:1.000,11.17,3.79,2.8,2.81,9.23
MOT,satmtb,satmtb/car/43,car,150,1676,pure_small,1.0,1.0,car,car:1.000,15.72,4.15,2.86,3.26,13.5
MOT,satmtb,satmtb/car/45,car,100,1309,pure_small,1.0,1.0,car,car:1.000,5.44,4.0,2.72,3.03,4.67
MOT,satmtb,satmtb/car/46,car,100,3225,pure_small,1.0,1.0,car,car:1.000,5.59,4.22,2.23,2.75,5.07
MOT,satmtb,satmtb/car/47,car,200,10973,pure_small,1.0,1.0,car,car:1.000,7.65,4.32,3.02,3.13,5.88
MOT,satmtb,satmtb/car/48,car,200,4263,pure_small,1.0,1.0,car,car:1.000,16.13,5.41,3.0,3.1,9.61
MOT,satmtb,satmtb/car/49,car,200,18309,pure_small,1.0,1.0,car,car:1.000,5.86,3.72,3.0,3.1,4.67
MOT,satmtb,satmtb/car/50,car,200,15913,pure_small,1.0,1.0,car,car:1.000,14.25,4.35,3.01,3.17,6.09
MOT,satmtb,satmtb/car/51,car,200,10419,pure_small,1.0,1.0,car,car:1.000,7.53,4.28,3.01,3.37,5.7
MOT,satmtb,satmtb/car/52,car,200,13945,pure_small,1.0,1.0,car,car:1.000,15.0,5.32,3.0,3.99,9.16
MOT,satmtb,satmtb/car/53,car,200,13096,pure_small,1.0,1.0,car,car:1.000,10.97,3.9,3.0,3.4,4.81
MOT,satmtb,satmtb/car/54,car,200,4707,pure_small,1.0,1.0,car,car:1.000,8.94,5.75,3.19,3.47,6.86
MOT,satmtb,satmtb/car/55,car,200,4581,pure_small,1.0,1.0,car,car:1.000,6.71,3.88,3.01,3.2,5.42
MOT,satmtb,satmtb/car/56,car,200,4877,pure_small,1.0,1.0,car,car:1.000,11.09,4.63,3.13,3.45,6.91
MOT,satmtb,satmtb/car/57,car,200,8727,pure_small,1.0,1.0,car,car:1.000,11.83,6.54,3.07,5.06,8.94
MOT,satmtb,satmtb/car/58,car,200,2599,pure_small,1.0,1.0,car,car:1.000,12.11,4.31,3.02,3.27,9.47
MOT,satmtb,satmtb/car/59,car,200,6443,pure_small,1.0,1.0,car,car:1.000,7.8,4.31,3.0,3.32,5.57
MOT,satmtb,satmtb/car/60,car,200,6748,pure_small,1.0,1.0,car,car:1.000,14.69,5.8,3.08,3.26,9.36
MOT,satmtb,satmtb/car/61,car,200,4739,pure_small,1.0,1.0,car,car:1.000,13.94,4.76,3.05,3.36,9.68
MOT,satmtb,satmtb/car/62,car,200,6008,pure_small,1.0,1.0,car,car:1.000,13.16,4.71,3.0,3.17,6.89
MOT,satmtb,satmtb/car/63,car,200,5665,pure_small,1.0,1.0,car,car:1.000,8.94,4.59,3.07,3.46,8.61
MOT,satmtb,satmtb/car/64,car,200,6578,pure_small,1.0,1.0,car,car:1.000,10.22,6.03,3.24,4.54,7.76
MOT,satmtb,satmtb/car/65,car,200,6221,pure_small,1.0,1.0,car,car:1.000,7.09,3.91,3.05,3.17,5.15
MOT,satmtb,satmtb/car/66,car,200,6845,pure_small,1.0,1.0,car,car:1.000,7.16,4.8,3.05,3.53,6.56
MOT,satmtb,satmtb/car/67,car,200,11484,pure_small,1.0,1.0,car,car:1.000,5.92,3.89,3.01,3.19,5.09
MOT,satmtb,satmtb/car/68,car,200,5600,pure_small,1.0,1.0,car,car:1.000,5.32,4.21,3.05,3.25,5.08
MOT,satmtb,satmtb/car/69,car,200,21329,pure_small,1.0,1.0,car,car:1.000,19.36,5.78,3.1,4.26,8.8
MOT,satmtb,satmtb/car/70,car,200,20005,pure_small,1.0,1.0,car,car:1.000,12.8,4.65,3.0,3.21,8.07
MOT,satmtb,satmtb/car/71,car,200,17116,pure_small,1.0,1.0,car,car:1.000,10.43,5.65,3.01,3.43,8.26
MOT,satmtb,satmtb/car/72,car,200,17013,pure_small,1.0,1.0,car,car:1.000,12.35,5.06,3.03,4.0,8.29
MOT,satmtb,satmtb/car/73,car,200,8469,pure_small,1.0,1.0,car,car:1.000,8.1,4.71,3.0,3.21,6.76
MOT,satmtb,satmtb/car/74,car,200,14657,pure_small,1.0,1.0,car,car:1.000,17.57,4.41,3.0,3.28,9.87
MOT,satmtb,satmtb/car/75,car,200,28037,pure_small,1.0,1.0,car,car:1.000,14.24,5.9,3.0,3.97,7.54
MOT,satmtb,satmtb/car/76,car,200,12144,pure_small,1.0,1.0,car,car:1.000,11.15,4.99,3.05,3.81,9.03
MOT,satmtb,satmtb/car/77,car,200,6247,pure_small,1.0,1.0,car,car:1.000,6.41,5.04,3.0,4.13,6.34
MOT,satmtb,satmtb/car/78,car,200,9582,pure_small,1.0,1.0,car,car:1.000,9.3,5.37,3.0,3.83,8.04
MOT,satmtb,satmtb/car/79,car,200,10561,pure_small,1.0,1.0,car,car:1.000,12.54,5.27,3.05,3.95,6.9
MOT,satmtb,satmtb/car/80,car,200,9585,pure_small,1.0,1.0,car,car:1.000,11.77,4.64,3.03,3.15,7.49
MOT,satmtb,satmtb/car/81,car,200,19071,pure_small,1.0,1.0,car,car:1.000,9.7,3.97,3.01,3.24,4.65
MOT,satmtb,satmtb/car/82,car,200,10003,pure_small,1.0,1.0,car,car:1.000,9.0,4.94,3.0,3.64,6.91
MOT,satmtb,satmtb/car/83,car,200,19967,pure_small,1.0,1.0,car,car:1.000,11.16,5.25,3.1,3.49,8.16
MOT,satmtb,satmtb/car/84,car,200,10483,pure_small,1.0,1.0,car,car:1.000,11.05,4.58,3.01,3.92,5.39
MOT,satmtb,satmtb/car/85,car,200,10076,pure_small,1.0,1.0,car,car:1.000,14.54,5.02,3.0,3.69,6.95
MOT,satmtb,satmtb/car/86,car,200,9993,pure_small,1.0,1.0,car,car:1.000,10.84,4.33,3.05,3.3,10.39
MOT,satmtb,satmtb/car/87,car,200,8605,pure_small,1.0,1.0,car,car:1.000,9.88,4.29,3.0,3.49,7.91
MOT,satmtb,satmtb/car/88,car,200,7008,pure_small,1.0,1.0,car,car:1.000,13.09,4.23,3.07,3.2,6.21
MOT,satmtb,satmtb/car/89,car,200,7743,pure_small,1.0,1.0,car,car:1.000,5.42,4.1,3.0,3.3,5.09
MOT,satmtb,satmtb/car/90,car,200,12158,pure_small,1.0,1.0,car,car:1.000,11.83,5.99,2.99,3.94,7.76
MOT,satmtb,satmtb/car/91,car,200,27550,pure_small,1.0,1.0,car,car:1.000,9.28,5.24,3.06,3.94,6.48
MOT,satmtb,satmtb/car/92,car,200,23170,pure_small,1.0,1.0,car,car:1.000,7.6,5.16,3.01,3.99,6.82
MOT,satmtb,satmtb/car/93,car,200,20448,pure_small,1.0,1.0,car,car:1.000,10.38,3.7,3.0,3.15,4.66
MOT,satmtb,satmtb/car/94,car,200,12261,pure_small,1.0,1.0,car,car:1.000,10.16,3.89,3.0,3.37,6.91
MOT,satmtb,satmtb/car/95,car,200,18555,pure_small,1.0,1.0,car,car:1.000,11.44,5.61,3.12,4.23,8.22
MOT,satmtb,satmtb/ship/01,ship,187,187,mixed,0.9251,0.0,ship,ship:0.925,32.16,31.89,31.67,31.71,32.03
MOT,satmtb,satmtb/ship/02,ship,287,287,pure_small,1.0,1.0,ship,ship:1.000,22.09,21.87,20.96,21.45,22.08
MOT,satmtb,satmtb/ship/03,ship,287,287,pure_small,1.0,1.0,ship,ship:1.000,17.47,15.69,12.74,12.75,17.47
MOT,satmtb,satmtb/ship/04,ship,287,861,pure_small,1.0,1.0,ship,ship:1.000,15.48,13.78,9.83,9.98,15.47
MOT,satmtb,satmtb/ship/05,ship,287,861,pure_small,1.0,0.6667,ship,ship:1.000,26.63,24.5,15.83,15.83,26.63
MOT,satmtb,satmtb/ship/06,ship,287,574,mixed,0.8693,0.1516,ship,ship:0.869,33.16,30.93,27.24,27.52,32.4
MOT,satmtb,satmtb/ship/07,ship,325,650,pure_large,0.0,0.0,ship,ship:0.000,54.53,43.71,34.37,34.38,53.06
MOT,satmtb,satmtb/ship/08,ship,247,558,mixed,0.9642,0.5358,ship,ship:0.964,34.45,17.03,7.79,7.87,30.99
MOT,satmtb,satmtb/ship/09,ship,313,290,pure_small,1.0,0.0,ship,ship:1.000,25.79,25.78,24.21,24.22,25.79
MOT,satmtb,satmtb/ship/10,ship,313,313,pure_small,1.0,1.0,ship,ship:1.000,14.41,14.39,14.09,14.09,14.4
MOT,satmtb,satmtb/ship/11,ship,187,187,pure_small,1.0,1.0,ship,ship:1.000,18.59,16.64,15.36,15.72,17.14
MOT,satmtb,satmtb/ship/12,mixed,187,945,pure_small,1.0,1.0,car|ship,car:1.000|ship:1.000,13.96,10.06,3.88,4.81,13.65
MOT,satmtb,satmtb/ship/13,ship,187,187,pure_large,0.0,0.0,ship,ship:0.000,37.65,34.42,34.18,34.42,36.15
MOT,satmtb,satmtb/ship/14,ship,307,1228,mixed,0.6564,0.25,ship,ship:0.656,45.43,31.23,22.44,24.17,45.42
MOT,satmtb,satmtb/ship/15,ship,307,614,pure_large,0.0,0.0,ship,ship:0.000,49.53,39.5,34.43,34.48,49.52
MOT,satmtb,satmtb/ship/16,ship,312,1560,mixed,0.8,0.6571,ship,ship:0.800,47.62,22.81,17.63,17.83,40.49
MOT,satmtb,satmtb/ship/17,ship,312,771,mixed,0.1907,0.1907,ship,ship:0.191,64.63,46.21,9.97,13.9,57.68
MOT,satmtb,satmtb/ship/18,ship,56,56,pure_large,0.0,0.0,ship,ship:0.000,56.38,56.37,56.37,56.37,56.38
MOT,satmtb,satmtb/ship/19,ship,262,262,pure_small,1.0,1.0,ship,ship:1.000,17.17,16.65,16.26,16.4,16.98
MOT,satmtb,satmtb/ship/20,ship,139,139,pure_small,1.0,1.0,ship,ship:1.000,28.51,28.51,28.5,28.5,28.51
MOT,satmtb,satmtb/ship/21,ship,139,278,pure_small,1.0,1.0,ship,ship:1.000,14.09,12.06,10.27,10.27,14.08
MOT,satmtb,satmtb/ship/22,mixed,139,1708,pure_small,1.0,1.0,car|ship,car:1.000|ship:1.000,12.74,4.78,3.19,4.11,10.18
MOT,satmtb,satmtb/ship/23,ship,138,276,pure_small,1.0,1.0,ship,ship:1.000,23.02,15.62,10.86,10.86,22.72
MOT,satmtb,satmtb/ship/24,ship,138,276,pure_small,1.0,1.0,ship,ship:1.000,22.14,13.41,11.81,11.81,17.09
MOT,satmtb,satmtb/ship/25,ship,77,770,pure_small,1.0,1.0,ship,ship:1.000,11.59,3.44,3.13,3.13,10.92
MOT,satmtb,satmtb/ship/26,ship,138,138,pure_small,1.0,1.0,ship,ship:1.000,11.25,10.96,10.1,10.1,11.25
MOT,satmtb,satmtb/ship/27,ship,313,626,pure_small,1.0,1.0,ship,ship:1.000,14.34,13.72,11.86,12.03,14.34
MOT,satmtb,satmtb/ship/28,ship,135,405,mixed,0.5037,0.3333,ship,ship:0.504,37.64,31.99,18.85,18.86,37.01
MOT,satmtb,satmtb/ship/29,ship,295,590,pure_small,1.0,1.0,ship,ship:1.000,28.58,24.42,19.06,19.06,28.56
MOT,satmtb,satmtb/ship/30,ship,313,1419,pure_small,1.0,0.7794,ship,ship:1.000,30.05,16.58,3.89,3.89,29.48
MOT,satmtb,satmtb/ship/31,ship,313,313,pure_small,1.0,1.0,ship,ship:1.000,16.93,16.79,15.94,16.14,16.93
MOT,satmtb,satmtb/ship/32,ship,313,1878,pure_small,1.0,1.0,ship,ship:1.000,26.72,15.67,9.11,9.12,20.43
MOT,satmtb,satmtb/ship/33,ship,232,928,pure_small,1.0,1.0,ship,ship:1.000,17.22,9.91,7.51,7.52,16.07
MOT,satmtb,satmtb/ship/34,mixed,313,3184,mixed,0.9017,0.9017,car|ship,car:1.000|ship:0.500,51.63,5.17,4.13,4.49,48.13
MOT,satmtb,satmtb/ship/35,ship,313,313,mixed,0.9808,0.0,ship,ship:0.981,32.84,31.89,30.32,30.33,31.9
MOT,satmtb,satmtb/ship/36,ship,313,1252,mixed,0.75,0.75,ship,ship:0.750,40.88,21.0,14.08,14.17,40.87
MOT,satmtb,satmtb/ship/37,mixed,303,4662,mixed,0.8767,0.8466,car|ship,car:1.000|ship:0.847,39.93,8.63,3.64,3.89,38.6
MOT,satmtb,satmtb/ship/38,ship,303,909,mixed,0.9285,0.473,ship,ship:0.928,37.41,27.17,18.7,18.71,33.87
MOT,satmtb,satmtb/ship/39,ship,303,1955,pure_small,1.0,0.465,ship,ship:1.000,31.34,20.55,9.66,10.18,30.11
MOT,satmtb,satmtb/ship/40,mixed,237,1202,mixed,0.7912,0.7912,airplane|ship,airplane:0.176|ship:0.800,58.82,24.66,17.73,17.74,36.59
MOT,satmtb,satmtb/ship/41,ship,138,345,pure_small,1.0,1.0,ship,ship:1.000,25.4,23.87,4.22,6.61,24.41
MOT,satmtb,satmtb/ship/42,mixed,138,223,pure_small,1.0,1.0,car|ship,car:1.000|ship:1.000,12.84,12.56,4.38,4.75,12.83
MOT,satmtb,satmtb/ship/43,ship,138,276,pure_small,1.0,1.0,ship,ship:1.000,22.3,17.42,9.94,10.09,22.3
MOT,satmtb,satmtb/ship/44,ship,139,417,pure_small,1.0,1.0,ship,ship:1.000,29.34,16.92,8.09,8.41,29.17
MOT,satmtb,satmtb/ship/45,ship,139,476,mixed,0.416,0.416,ship,ship:0.416,182.08,39.74,5.97,10.67,181.61
MOT,satmtb,satmtb/ship/46,ship,139,139,pure_small,1.0,1.0,ship,ship:1.000,18.99,18.95,16.85,17.47,18.98
MOT,satmtb,satmtb/ship/47,ship,85,230,pure_small,1.0,1.0,ship,ship:1.000,15.54,11.6,8.87,8.87,15.54
MOT,satmtb,satmtb/ship/48,mixed,138,1091,pure_small,1.0,1.0,car|ship,car:1.000|ship:1.000,14.82,5.35,4.02,4.35,14.81
MOT,satmtb,satmtb/ship/49,ship,326,2008,pure_small,1.0,1.0,ship,ship:1.000,11.36,6.58,5.28,5.28,11.36
MOT,satmtb,satmtb/ship/50,ship,326,978,pure_small,1.0,1.0,ship,ship:1.000,8.56,8.29,6.63,6.63,8.56
MOT,satmtb,satmtb/ship/51,ship,326,3260,pure_small,1.0,0.9,ship,ship:1.000,23.9,10.04,6.73,6.73,23.9
MOT,satmtb,satmtb/ship/52,ship,326,978,pure_small,1.0,1.0,ship,ship:1.000,23.6,19.85,8.12,8.12,23.6
MOT,satmtb,satmtb/ship/53,ship,326,1956,pure_small,1.0,1.0,ship,ship:1.000,22.77,15.04,8.53,8.53,22.77
MOT,satmtb,satmtb/ship/54,mixed,326,4480,mixed,0.8545,0.8545,car|ship,car:1.000|ship:0.500,104.43,6.28,4.54,5.2,102.25
MOT,satmtb,satmtb/ship/55,ship,326,1304,mixed,0.25,0.0,ship,ship:0.250,85.08,60.01,28.13,28.13,84.46
MOT,satmtb,satmtb/ship/56,ship,326,1630,pure_small,1.0,1.0,ship,ship:1.000,22.46,10.99,9.35,9.35,22.46
MOT,satmtb,satmtb/ship/57,ship,326,2784,pure_small,1.0,1.0,ship,ship:1.000,17.32,8.25,5.59,5.63,16.01
MOT,satmtb,satmtb/ship/58,ship,326,2264,mixed,0.856,0.856,ship,ship:0.856,33.22,13.35,6.83,6.83,33.22
MOT,satmtb,satmtb/ship/59,mixed,239,1525,mixed,0.8433,0.8433,airplane|ship,airplane:1.000|ship:0.814,46.24,7.15,6.32,6.32,44.55
MOT,satmtb,satmtb/ship/60,ship,143,572,pure_small,1.0,1.0,ship,ship:1.000,18.62,16.61,9.26,9.26,18.62
MOT,satmtb,satmtb/ship/61,ship,432,1296,pure_small,1.0,0.6667,ship,ship:1.000,25.46,16.57,11.74,11.74,24.53
MOT,satmtb,satmtb/ship/62,ship,144,432,pure_small,1.0,1.0,ship,ship:1.000,9.93,9.59,6.98,6.98,9.93
MOT,satmtb,satmtb/ship/63,ship,144,720,pure_small,1.0,1.0,ship,ship:1.000,15.55,10.82,6.19,6.19,15.55
MOT,satmtb,satmtb/ship/64,ship,432,3217,mixed,0.8657,0.8657,ship,ship:0.866,78.68,10.35,5.33,5.33,78.68
MOT,satmtb,satmtb/ship/65,ship,432,1636,pure_small,1.0,1.0,ship,ship:1.000,11.55,10.0,6.65,6.98,11.55
MOT,satmtb,satmtb/ship/66,ship,429,2058,pure_small,1.0,1.0,ship,ship:1.000,6.81,6.1,5.28,5.28,6.81
MOT,satmtb,satmtb/ship/67,mixed,144,4086,pure_small,1.0,1.0,car|ship,car:1.000|ship:1.000,10.79,4.54,3.38,3.76,7.49
MOT,satmtb,satmtb/ship/68,ship,144,404,pure_small,1.0,1.0,ship,ship:1.000,6.46,5.82,5.37,5.37,6.46
MOT,satmtb,satmtb/ship/69,ship,144,432,pure_small,1.0,1.0,ship,ship:1.000,13.97,9.98,6.54,6.54,13.97
MOT,satmtb,satmtb/ship/70,ship,316,3521,pure_small,1.0,0.9878,ship,ship:1.000,26.1,8.5,5.33,5.56,19.05
MOT,satmtb,satmtb/train/01,train,197,591,mixed,0.1658,0.0,train,train:0.166,329.93,146.35,28.33,29.99,319.66
MOT,satmtb,satmtb/train/02,train,297,752,mixed,0.6516,0.012,train,train:0.652,94.52,28.64,7.27,22.37,94.5
MOT,satmtb,satmtb/train/03,train,317,634,pure_large,0.0,0.0,train,train:0.000,152.94,102.9,46.9,56.4,152.92
MOT,satmtb,satmtb/train/04,train,275,1089,pure_large,0.0,0.0,train,train:0.000,338.84,196.88,111.41,148.34,331.52
MOT,satmtb,satmtb/train/05,train,275,550,pure_large,0.0,0.0,train,train:0.000,341.78,315.61,294.57,294.57,341.77
MOT,satmtb,satmtb/train/06,train,298,804,mixed,0.0311,0.0211,train,train:0.031,506.59,329.33,5.01,53.8,491.25
MOT,satmtb,satmtb/train/07,train,49,147,pure_large,0.0,0.0,train,train:0.000,146.15,96.61,87.55,87.55,146.15
MOT,satmtb,satmtb/train/11,mixed,200,560,mixed,0.6429,0.6429,car|train,car:1.000|train:0.000,90.93,4.41,4.17,4.17,90.93
MOT,satmtb,satmtb/train/12,mixed,100,654,mixed,0.9235,0.9083,car|train,car:1.000|train:0.306,79.01,9.49,2.73,4.07,59.03
MOT,satmtb,satmtb/train/13,mixed,100,1914,pure_small,1.0,0.965,car|train,car:1.000|train:1.000,12.18,5.07,2.39,3.46,9.65
MOT,satmtb,satmtb/train/14,mixed,100,1192,pure_small,1.0,0.9362,car|train,car:1.000|train:1.000,17.45,4.81,3.05,3.85,17.45
MOT,satmtb,satmtb/train/15,mixed,200,4326,mixed,0.923,0.9207,car|train,car:0.968|train:0.000,268.15,3.87,1.84,3.27,83.75
MOT,satmtb,satmtb/train/16,mixed,180,4895,mixed,0.9265,0.9265,car|train,car:1.000|train:0.000,316.93,4.03,1.58,3.32,201.25
MOT,viso,viso/plane/039,airplane,180,359,mixed,0.9833,0.9499,airplane,airplane:0.983,33.47,30.0,27.5,28.5,31.5
MOT,viso,viso/plane/040,airplane,250,250,pure_large,0.0,0.0,airplane,airplane:0.000,67.5,64.48,60.48,61.48,66.5
MOT,viso,viso/plane/041,airplane,325,324,mixed,0.9938,0.8333,airplane,airplane:0.994,33.94,26.12,20.0,22.49,30.17
MOT,viso,viso/plane/042,airplane,300,373,mixed,0.0107,0.008,airplane,airplane:0.011,44.5,40.25,14.42,38.5,42.16
MOT,viso,viso/plane/043,airplane,358,358,pure_large,0.0,0.0,airplane,airplane:0.000,49.44,40.0,36.88,37.49,45.96
MOT,viso,viso/plane/044,airplane,500,604,mixed,0.1175,0.0331,airplane,airplane:0.117,62.26,54.96,23.81,29.39,56.99
MOT,viso,viso/ship/045,ship,320,884,mixed,0.9627,0.4921,ship,ship:0.963,42.66,25.92,9.49,12.33,31.29
MOT,viso,viso/ship/047,ship,300,300,pure_small,1.0,1.0,ship,ship:1.000,21.49,15.97,11.96,13.96,19.34
MOT,viso,viso/train/046,train,250,247,mixed,0.0243,0.0,train,train:0.024,47.05,36.66,29.7,32.76,42.99
MOT,sdmcar,sdmcar/train/1-1,car,181,8110,pure_small,1.0,1.0,car,car:1.000,12.41,4.9,1.0,3.46,7.35
MOT,sdmcar,sdmcar/train/10-1,car,149,3961,pure_small,1.0,0.9881,car,car:1.000,24.25,10.49,3.0,6.93,19.75
MOT,sdmcar,sdmcar/train/11-1,car,196,2508,pure_small,1.0,1.0,car,car:1.000,17.15,7.42,1.41,5.29,14.87
MOT,sdmcar,sdmcar/train/12-1,car,151,7389,pure_small,1.0,1.0,car,car:1.000,17.03,11.0,10.0,10.0,13.49
MOT,sdmcar,sdmcar/train/13-1,car,119,20743,pure_small,1.0,1.0,car,car:1.000,27.28,10.95,6.48,9.95,13.96
MOT,sdmcar,sdmcar/train/14-1,car,207,17775,pure_small,1.0,1.0,car,car:1.000,16.49,10.49,10.0,10.0,11.96
MOT,sdmcar,sdmcar/train/15-2,car,111,20955,pure_small,1.0,1.0,car,car:1.000,15.2,5.48,2.83,4.0,7.48
MOT,sdmcar,sdmcar/train/16-2,car,135,43442,pure_small,1.0,1.0,car,car:1.000,15.49,10.49,10.0,10.0,12.0
MOT,sdmcar,sdmcar/train/17-1,car,212,23924,pure_small,1.0,1.0,car,car:1.000,19.44,7.35,3.0,5.48,9.0
MOT,sdmcar,sdmcar/train/18-1,car,127,15605,pure_small,1.0,1.0,car,car:1.000,15.17,5.48,3.0,3.87,10.25
MOT,sdmcar,sdmcar/train/18-2,car,127,16359,pure_small,1.0,1.0,car,car:1.000,11.83,6.0,2.45,3.87,9.17
MOT,sdmcar,sdmcar/train/19-1,car,163,10563,pure_small,1.0,1.0,car,car:1.000,20.0,6.32,1.73,4.0,11.49
MOT,sdmcar,sdmcar/train/19-2,car,163,7861,pure_small,1.0,1.0,car,car:1.000,17.66,7.0,3.16,4.9,9.49
MOT,sdmcar,sdmcar/train/19-4,car,163,17490,pure_small,1.0,1.0,car,car:1.000,19.97,7.48,2.83,5.2,11.22
MOT,sdmcar,sdmcar/train/2-1,car,55,8101,pure_small,1.0,1.0,car,car:1.000,11.4,4.9,1.0,2.83,7.75
MOT,sdmcar,sdmcar/train/2-3,car,192,20142,pure_small,1.0,1.0,car,car:1.000,17.15,6.93,3.0,4.9,12.49
MOT,sdmcar,sdmcar/train/2-5,car,192,15229,pure_small,1.0,1.0,car,car:1.000,6.71,3.46,1.0,1.73,4.9
MOT,sdmcar,sdmcar/train/2-6,car,192,25956,pure_small,1.0,1.0,car,car:1.000,13.27,6.48,2.45,4.9,8.49
MOT,sdmcar,sdmcar/train/21-1,car,143,4685,pure_small,1.0,1.0,car,car:1.000,9.17,5.48,2.45,3.46,7.48
MOT,sdmcar,sdmcar/train/21-2,car,143,9692,pure_small,1.0,1.0,car,car:1.000,18.33,6.0,3.0,4.24,7.83
MOT,sdmcar,sdmcar/train/24-1,car,180,931,pure_small,1.0,1.0,car,car:1.000,9.8,6.93,3.46,4.47,9.0
MOT,sdmcar,sdmcar/train/24-2,car,180,1636,pure_small,1.0,1.0,car,car:1.000,9.8,5.92,3.46,4.47,8.77
MOT,sdmcar,sdmcar/train/28-1,car,158,321,pure_small,1.0,1.0,car,car:1.000,11.0,8.37,6.32,7.07,9.95
MOT,sdmcar,sdmcar/train/29-1,car,135,2269,pure_small,1.0,1.0,car,car:1.000,14.42,6.0,4.0,5.0,12.0
MOT,sdmcar,sdmcar/train/3-1,car,111,10221,pure_small,1.0,1.0,car,car:1.000,10.58,5.29,1.41,2.83,7.35
MOT,sdmcar,sdmcar/train/3-2,car,111,8269,pure_small,1.0,1.0,car,car:1.000,9.38,5.48,1.41,3.0,7.94
MOT,sdmcar,sdmcar/train/31-1,car,207,18933,pure_small,1.0,1.0,car,car:1.000,13.04,6.32,1.0,4.24,9.17
MOT,sdmcar,sdmcar/train/31-2,car,207,18746,pure_small,1.0,1.0,car,car:1.000,11.49,6.32,2.0,4.47,8.49
MOT,sdmcar,sdmcar/train/31-3,car,207,41493,pure_small,1.0,1.0,car,car:1.000,11.4,6.32,2.45,4.47,8.49
MOT,sdmcar,sdmcar/train/32-1,car,209,38221,pure_small,1.0,1.0,car,car:1.000,13.42,5.29,2.45,3.87,7.0
MOT,sdmcar,sdmcar/train/36-1,car,165,11568,pure_small,1.0,1.0,car,car:1.000,16.88,7.0,3.16,4.9,11.57
MOT,sdmcar,sdmcar/train/38-1,car,129,15719,pure_small,1.0,1.0,car,car:1.000,15.91,5.92,1.0,3.16,8.49
MOT,sdmcar,sdmcar/train/38-2,car,129,9393,pure_small,1.0,1.0,car,car:1.000,12.0,4.47,1.41,3.0,7.48
MOT,sdmcar,sdmcar/train/41-1,car,127,16168,pure_small,1.0,1.0,car,car:1.000,18.49,5.0,3.0,3.87,11.62
MOT,sdmcar,sdmcar/train/41-2,car,127,12213,pure_small,1.0,1.0,car,car:1.000,16.31,4.9,3.0,3.87,11.31
MOT,sdmcar,sdmcar/train/41-3,car,127,17696,pure_small,1.0,1.0,car,car:1.000,16.12,4.9,3.0,4.0,10.95
MOT,sdmcar,sdmcar/train/42-1,car,206,17938,pure_small,1.0,1.0,car,car:1.000,16.49,8.77,2.45,6.93,11.4
MOT,sdmcar,sdmcar/train/47-1,car,207,14359,pure_small,1.0,1.0,car,car:1.000,12.0,5.29,2.83,4.24,6.93
MOT,sdmcar,sdmcar/train/47-2,car,207,29010,pure_small,1.0,1.0,car,car:1.000,12.0,5.0,2.45,3.87,6.48
MOT,sdmcar,sdmcar/train/47-3,car,207,35889,pure_small,1.0,1.0,car,car:1.000,12.73,5.0,2.45,3.87,6.93
MOT,sdmcar,sdmcar/train/49-1,car,204,5327,pure_small,1.0,1.0,car,car:1.000,13.08,6.71,2.45,5.0,7.94
MOT,sdmcar,sdmcar/train/49-2,car,204,7900,pure_small,1.0,1.0,car,car:1.000,13.75,7.35,2.83,5.92,10.49
MOT,sdmcar,sdmcar/train/49-4,car,204,8884,pure_small,1.0,1.0,car,car:1.000,15.91,8.37,1.0,6.48,12.41
MOT,sdmcar,sdmcar/train/50-1,car,158,8081,mixed,0.988,0.988,car,car:0.988,44.99,6.0,1.0,4.0,14.46
MOT,sdmcar,sdmcar/train/51-1,car,151,11869,pure_small,1.0,1.0,car,car:1.000,9.8,6.48,4.47,5.48,8.0
MOT,sdmcar,sdmcar/train/52-2,car,173,17037,pure_small,1.0,1.0,car,car:1.000,12.41,6.0,1.0,4.0,8.0
MOT,sdmcar,sdmcar/train/53-1,car,206,27804,pure_small,1.0,1.0,car,car:1.000,12.0,6.0,1.0,4.9,8.37
MOT,sdmcar,sdmcar/train/6-1,car,190,19406,pure_small,1.0,1.0,car,car:1.000,13.75,5.92,1.0,4.24,9.17
MOT,sdmcar,sdmcar/train/6-2,car,190,22429,pure_small,1.0,1.0,car,car:1.000,13.78,5.92,1.41,4.24,7.07
MOT,sdmcar,sdmcar/train/6-3,car,190,11178,pure_small,1.0,1.0,car,car:1.000,12.73,6.93,1.0,3.74,9.49
MOT,sdmcar,sdmcar/train/60-1,car,119,10055,pure_small,1.0,1.0,car,car:1.000,10.0,5.92,2.0,3.87,7.96
MOT,sdmcar,sdmcar/train/61-1,car,159,56573,pure_small,1.0,1.0,car,car:1.000,16.43,7.48,1.0,5.48,9.49
MOT,sdmcar,sdmcar/train/62-1,car,198,7640,pure_small,1.0,1.0,car,car:1.000,19.42,9.0,1.0,5.92,14.83
MOT,sdmcar,sdmcar/train/63-1,car,100,7581,pure_small,1.0,1.0,car,car:1.000,12.49,5.29,1.41,3.46,7.48
MOT,sdmcar,sdmcar/train/64-1,car,127,7802,pure_small,1.0,1.0,car,car:1.000,10.49,7.48,1.73,6.0,9.49
MOT,sdmcar,sdmcar/train/65-1,car,100,15290,pure_small,1.0,1.0,car,car:1.000,10.95,4.9,1.73,3.46,6.48
MOT,sdmcar,sdmcar/train/66-1,car,182,14482,pure_small,1.0,1.0,car,car:1.000,17.97,6.93,1.0,5.29,10.0
MOT,sdmcar,sdmcar/train/66-2,car,182,16754,pure_small,1.0,1.0,car,car:1.000,15.87,7.48,2.0,4.9,11.31
MOT,sdmcar,sdmcar/train/7-1,car,142,14526,pure_small,1.0,1.0,car,car:1.000,15.3,4.9,1.41,3.46,9.38
MOT,sdmcar,sdmcar/train/7-2,car,142,16366,pure_small,1.0,1.0,car,car:1.000,15.56,4.9,2.0,3.46,10.39
MOT,sdmcar,sdmcar/train/8-1,car,202,4372,pure_small,1.0,1.0,car,car:1.000,20.9,7.48,5.0,6.0,15.49
MOT,sdmcar,sdmcar/train/8-2,car,202,19035,pure_small,1.0,1.0,car,car:1.000,19.36,7.0,1.0,4.9,10.39
MOT,sdmcar,sdmcar/train/8-3,car,202,15223,pure_small,1.0,1.0,car,car:1.000,21.0,7.0,1.0,6.0,10.49
MOT,sdmcar,sdmcar/train/9-1,car,99,21117,pure_small,1.0,1.0,car,car:1.000,13.04,4.47,2.0,3.46,6.0
MOT,sdmcar,sdmcar/val/14-2,car,207,55996,pure_small,1.0,1.0,car,car:1.000,14.87,8.0,1.0,5.92,10.2
MOT,sdmcar,sdmcar/val/15-1,car,111,4703,pure_small,1.0,1.0,car,car:1.000,10.49,4.9,3.0,3.87,8.0
MOT,sdmcar,sdmcar/val/16-1,car,135,13821,pure_small,1.0,1.0,car,car:1.000,15.3,10.95,10.0,10.0,12.49
MOT,sdmcar,sdmcar/val/16-4,car,135,7065,pure_small,1.0,1.0,car,car:1.000,15.3,10.49,10.0,10.0,12.0
MOT,sdmcar,sdmcar/val/22-1,car,212,20232,pure_small,1.0,1.0,car,car:1.000,15.87,6.48,1.0,3.87,9.49
MOT,sdmcar,sdmcar/val/22-2,car,212,14948,pure_small,1.0,1.0,car,car:1.000,16.88,8.0,1.73,4.0,11.96
MOT,sdmcar,sdmcar/val/22-3,car,212,19467,pure_small,1.0,1.0,car,car:1.000,20.0,9.95,2.0,6.32,13.96
MOT,sdmcar,sdmcar/val/25-1,car,197,1577,pure_small,1.0,1.0,car,car:1.000,12.0,4.9,1.73,2.83,6.32
MOT,sdmcar,sdmcar/val/25-2,car,197,4737,pure_small,1.0,0.9996,car,car:1.000,13.64,5.48,2.83,3.46,9.8
MOT,sdmcar,sdmcar/val/36-2,car,165,12315,pure_small,1.0,1.0,car,car:1.000,13.96,6.0,1.73,4.0,8.77
MOT,sdmcar,sdmcar/val/39-1,car,89,211,pure_small,1.0,1.0,car,car:1.000,6.32,4.9,3.87,4.47,6.32
MOT,sdmcar,sdmcar/val/4-1,car,201,2350,pure_small,1.0,1.0,car,car:1.000,12.65,5.48,2.0,3.46,10.58
MOT,sdmcar,sdmcar/val/5-1,car,116,35787,pure_small,1.0,1.0,car,car:1.000,15.72,4.24,1.0,3.0,8.37
MOT,sdmcar,sdmcar/val/67-1,car,100,12576,pure_small,1.0,1.0,car,car:1.000,16.49,7.48,1.0,5.92,9.49
MOT,sdmcar,sdmcar/val/70-1,car,120,23368,pure_small,1.0,1.0,car,car:1.000,23.24,7.75,2.0,5.29,10.25
MOT,sdmcar,sdmcar/test/1-2,car,181,12528,pure_small,1.0,1.0,car,car:1.000,16.31,5.66,2.0,4.24,8.37
MOT,sdmcar,sdmcar/test/10-2,car,149,12533,pure_small,1.0,1.0,car,car:1.000,16.31,6.93,2.83,4.9,9.38
MOT,sdmcar,sdmcar/test/13-2,car,119,14276,pure_small,1.0,1.0,car,car:1.000,22.98,11.0,10.0,10.0,13.96
MOT,sdmcar,sdmcar/test/14-3,car,207,51371,pure_small,1.0,1.0,car,car:1.000,20.0,7.94,2.0,5.92,9.8
MOT,sdmcar,sdmcar/test/15-3,car,111,3502,pure_small,1.0,1.0,car,car:1.000,11.62,5.48,3.46,4.47,8.0
MOT,sdmcar,sdmcar/test/16-3,car,135,19785,pure_small,1.0,1.0,car,car:1.000,14.49,10.49,10.0,10.0,11.49
MOT,sdmcar,sdmcar/test/17-2,car,212,8951,pure_small,1.0,1.0,car,car:1.000,19.34,7.94,3.46,6.48,9.95
MOT,sdmcar,sdmcar/test/19-3,car,163,13635,pure_small,1.0,1.0,car,car:1.000,20.49,7.42,2.24,4.58,12.73
MOT,sdmcar,sdmcar/test/2-7,car,192,22977,pure_small,1.0,1.0,car,car:1.000,11.83,7.0,2.45,4.9,9.0
MOT,sdmcar,sdmcar/test/22-4,car,212,24302,pure_small,1.0,1.0,car,car:1.000,17.0,7.94,1.41,3.87,11.4
MOT,sdmcar,sdmcar/test/24-3,car,180,3894,pure_small,1.0,1.0,car,car:1.000,14.28,6.48,3.46,4.47,9.95
MOT,sdmcar,sdmcar/test/25-3,car,197,4230,pure_small,1.0,1.0,car,car:1.000,7.94,5.0,2.45,3.87,6.32
MOT,sdmcar,sdmcar/test/30-1,car,177,503,pure_small,1.0,1.0,car,car:1.000,8.94,6.93,4.9,5.0,8.37
MOT,sdmcar,sdmcar/test/31-4,car,207,40737,pure_small,1.0,1.0,car,car:1.000,11.49,6.48,2.24,4.47,8.94
MOT,sdmcar,sdmcar/test/4-2,car,201,4201,pure_small,1.0,1.0,car,car:1.000,10.91,5.48,2.0,3.46,9.49
MOT,sdmcar,sdmcar/test/41-4,car,127,8844,pure_small,1.0,1.0,car,car:1.000,16.31,4.9,3.46,3.87,11.66
MOT,sdmcar,sdmcar/test/42-3,car,206,7937,pure_small,1.0,1.0,car,car:1.000,18.65,7.48,4.0,5.48,12.96
MOT,sdmcar,sdmcar/test/47-4,car,207,19183,pure_small,1.0,1.0,car,car:1.000,11.66,4.9,2.45,4.0,6.32
MOT,sdmcar,sdmcar/test/50-2,car,158,7980,pure_small,1.0,1.0,car,car:1.000,19.77,6.93,1.0,4.9,13.42
MOT,sdmcar,sdmcar/test/6-4,car,190,23841,pure_small,1.0,1.0,car,car:1.000,12.37,6.48,1.0,4.24,8.49
MOT,rscardata,rscardata/train/001,car,260,4096,pure_small,1.0,1.0,car,car:1.000,9.0,5.48,3.46,4.0,6.48
MOT,rscardata,rscardata/train/002,car,260,4087,pure_small,1.0,1.0,car,car:1.000,7.94,4.9,3.46,4.0,5.92
MOT,rscardata,rscardata/train/003,car,260,15220,pure_small,1.0,1.0,car,car:1.000,8.49,4.9,0.0,4.0,6.0
MOT,rscardata,rscardata/train/004,car,260,8108,pure_small,1.0,1.0,car,car:1.000,8.0,4.9,2.83,4.0,6.0
MOT,rscardata,rscardata/train/005,car,325,6968,pure_small,1.0,1.0,car,car:1.000,8.37,5.0,2.0,3.46,7.0
MOT,rscardata,rscardata/train/006,car,325,3975,pure_small,1.0,1.0,car,car:1.000,8.12,5.48,2.45,3.46,6.71
MOT,rscardata,rscardata/train/007,car,325,2778,pure_small,1.0,1.0,car,car:1.000,8.94,5.48,2.83,3.87,7.94
MOT,rscardata,rscardata/train/008,car,325,3956,pure_small,1.0,1.0,car,car:1.000,8.37,5.29,2.45,3.87,6.71
MOT,rscardata,rscardata/train/009,car,326,1851,pure_small,1.0,1.0,car,car:1.000,8.49,5.48,3.0,4.47,6.93
MOT,rscardata,rscardata/train/010,car,326,6855,pure_small,1.0,1.0,car,car:1.000,13.67,5.48,2.45,4.47,7.35
MOT,rscardata,rscardata/train/011,car,326,4972,pure_small,1.0,1.0,car,car:1.000,8.94,5.48,2.83,4.47,7.0
MOT,rscardata,rscardata/train/012,car,326,1810,pure_small,1.0,1.0,car,car:1.000,13.42,5.48,3.46,4.47,7.75
MOT,rscardata,rscardata/train/013,car,325,13890,pure_small,1.0,1.0,car,car:1.000,11.49,6.48,3.87,5.0,8.0
MOT,rscardata,rscardata/train/014,car,325,7183,pure_small,1.0,1.0,car,car:1.000,11.49,7.0,4.47,5.48,8.0
MOT,rscardata,rscardata/train/015,car,325,3147,pure_small,1.0,1.0,car,car:1.000,7.35,4.47,2.45,3.46,5.48
MOT,rscardata,rscardata/train/016,car,325,16736,pure_small,1.0,1.0,car,car:1.000,11.4,4.0,1.41,2.83,5.48
MOT,rscardata,rscardata/train/017,car,325,5880,pure_small,1.0,1.0,car,car:1.000,8.0,4.47,2.45,3.46,5.92
MOT,rscardata,rscardata/train/018,car,325,6947,pure_small,1.0,1.0,car,car:1.000,7.94,4.47,2.0,3.46,5.92
MOT,rscardata,rscardata/train/019,car,326,4081,pure_small,1.0,1.0,car,car:1.000,13.04,5.29,2.45,3.87,8.77
MOT,rscardata,rscardata/train/020,car,326,15897,pure_small,1.0,1.0,car,car:1.000,21.49,5.48,3.0,4.24,9.38
MOT,rscardata,rscardata/train/021,car,326,20265,pure_small,1.0,1.0,car,car:1.000,19.77,5.48,3.0,4.0,8.49
MOT,rscardata,rscardata/train/022,car,326,1552,pure_small,1.0,1.0,car,car:1.000,17.32,5.48,3.0,4.24,8.62
MOT,rscardata,rscardata/train/023,car,703,18904,pure_small,1.0,1.0,car,car:1.000,13.04,6.93,0.0,5.0,10.95
MOT,rscardata,rscardata/train/024,car,703,9219,pure_small,1.0,1.0,car,car:1.000,15.1,7.35,3.46,5.92,12.0
MOT,rscardata,rscardata/train/025,car,300,1756,pure_small,1.0,1.0,car,car:1.000,23.98,14.97,9.49,12.0,19.9
MOT,rscardata,rscardata/train/026,car,300,4851,pure_small,1.0,1.0,car,car:1.000,22.45,15.0,7.48,11.96,19.49
MOT,rscardata,rscardata/train/027,car,730,50384,pure_small,1.0,1.0,car,car:1.000,19.6,5.92,0.0,4.47,8.37
MOT,rscardata,rscardata/train/028,car,730,41357,pure_small,1.0,1.0,car,car:1.000,16.12,6.32,0.0,4.9,8.37
MOT,rscardata,rscardata/train/029,car,730,6857,pure_small,1.0,1.0,car,car:1.000,10.49,6.93,4.24,5.92,7.75
MOT,rscardata,rscardata/train/030,car,730,3108,pure_small,1.0,1.0,car,car:1.000,8.94,6.32,4.47,5.48,7.48
MOT,rscardata,rscardata/train/031,car,350,13060,pure_small,1.0,1.0,car,car:1.000,21.54,8.49,0.0,6.32,10.95
MOT,rscardata,rscardata/train/032,car,350,16556,pure_small,1.0,1.0,car,car:1.000,21.54,8.0,5.0,6.32,11.22
MOT,rscardata,rscardata/train/033,car,350,869,pure_small,1.0,1.0,car,car:1.000,8.0,7.0,6.0,6.48,7.48
MOT,rscardata,rscardata/train/034,car,350,10644,pure_small,1.0,1.0,car,car:1.000,18.33,8.49,5.48,6.48,11.66
MOT,rscardata,rscardata/train/035,car,210,9127,pure_small,1.0,1.0,car,car:1.000,12.49,8.49,5.0,6.0,10.95
MOT,rscardata,rscardata/train/036,car,210,8495,pure_small,1.0,1.0,car,car:1.000,21.54,8.37,5.0,6.48,12.73
MOT,rscardata,rscardata/train/037,car,210,233,pure_small,1.0,1.0,car,car:1.000,8.49,8.0,6.48,7.0,8.49
MOT,rscardata,rscardata/train/038,car,210,5112,pure_small,1.0,1.0,car,car:1.000,15.3,8.49,5.92,6.93,10.39
MOT,rscardata,rscardata/train/039,car,170,7415,pure_small,1.0,1.0,car,car:1.000,20.78,8.49,0.0,6.93,10.49
MOT,rscardata,rscardata/train/040,car,170,5927,pure_small,1.0,1.0,car,car:1.000,21.54,8.77,5.66,6.93,12.73
MOT,rscardata,rscardata/train/041,car,170,170,pure_small,1.0,1.0,car,car:1.000,8.49,8.0,6.93,7.48,8.0
MOT,rscardata,rscardata/train/042,car,170,3572,pure_small,1.0,1.0,car,car:1.000,19.75,8.77,6.48,7.35,13.67
MOT,rscardata,rscardata/train/043,car,750,5932,pure_small,1.0,1.0,car,car:1.000,18.49,6.48,3.87,5.48,10.49
MOT,rscardata,rscardata/train/044,car,480,6995,pure_small,1.0,1.0,car,car:1.000,6.93,5.0,3.46,4.24,6.0
MOT,rscardata,rscardata/train/045,car,480,10471,pure_small,1.0,1.0,car,car:1.000,7.0,5.48,2.45,4.47,6.0
MOT,rscardata,rscardata/train/046,car,480,8998,pure_small,1.0,1.0,car,car:1.000,6.93,5.48,3.46,4.47,6.48
MOT,rscardata,rscardata/train/047,car,480,5888,pure_small,1.0,1.0,car,car:1.000,6.93,5.48,2.83,4.0,6.32
MOT,rscardata,rscardata/train/048,car,481,12698,pure_small,1.0,1.0,car,car:1.000,7.21,4.47,0.0,3.46,6.32
MOT,rscardata,rscardata/train/049,car,481,35034,pure_small,1.0,1.0,car,car:1.000,8.94,4.9,0.0,4.0,5.92
MOT,rscardata,rscardata/train/050,car,481,21663,pure_small,1.0,1.0,car,car:1.000,16.12,4.47,2.83,4.0,6.32
MOT,rscardata,rscardata/train/051,car,481,8450,pure_small,1.0,1.0,car,car:1.000,9.8,4.47,2.83,3.87,8.49
MOT,rscardata,rscardata/train/052,car,480,7912,pure_small,1.0,1.0,car,car:1.000,6.0,4.47,0.0,3.0,5.48
MOT,rscardata,rscardata/train/053,car,480,1740,pure_small,1.0,1.0,car,car:1.000,9.8,5.0,0.0,4.0,9.38
MOT,rscardata,rscardata/train/054,car,480,12878,pure_small,1.0,1.0,car,car:1.000,7.48,4.9,0.0,4.0,6.32
MOT,rscardata,rscardata/train/055,car,481,20424,pure_small,1.0,1.0,car,car:1.000,9.8,4.0,0.0,3.46,5.92
MOT,rscardata,rscardata/train/056,car,481,22997,pure_small,1.0,1.0,car,car:1.000,5.48,4.0,0.0,3.46,5.0
MOT,rscardata,rscardata/train/057,car,481,21253,pure_small,1.0,1.0,car,car:1.000,11.96,4.47,0.0,3.46,5.92
MOT,rscardata,rscardata/train/058,car,481,14087,pure_small,1.0,1.0,car,car:1.000,7.07,4.47,2.0,3.46,5.48
MOT,rscardata,rscardata/train/059,car,480,2889,pure_small,1.0,1.0,car,car:1.000,12.37,6.32,3.46,4.9,8.66
MOT,rscardata,rscardata/train/060,car,480,480,pure_small,1.0,1.0,car,car:1.000,7.75,6.48,4.9,5.66,7.07
MOT,rscardata,rscardata/train/061,car,480,16421,pure_small,1.0,1.0,car,car:1.000,10.58,5.48,3.46,4.47,6.71
MOT,rscardata,rscardata/train/062,car,480,14879,pure_small,1.0,1.0,car,car:1.000,19.44,5.48,3.16,4.47,8.37
MOT,rscardata,rscardata/train/063,car,371,10944,pure_small,1.0,1.0,car,car:1.000,14.0,7.35,0.0,5.29,11.22
MOT,rscardata,rscardata/train/064,car,371,11380,pure_small,1.0,1.0,car,car:1.000,14.28,7.35,3.46,5.48,11.49
MOT,rscardata,rscardata/train/065,car,371,5245,pure_small,1.0,1.0,car,car:1.000,13.86,7.75,0.0,5.48,9.49
MOT,rscardata,rscardata/train/066,car,371,6238,pure_small,1.0,1.0,car,car:1.000,14.28,8.37,4.47,5.48,12.0
MOT,rscardata,rscardata/train/067,car,332,11239,pure_small,1.0,1.0,car,car:1.000,14.28,7.75,0.0,5.48,11.96
MOT,rscardata,rscardata/train/068,car,332,7937,pure_small,1.0,1.0,car,car:1.000,13.67,7.94,3.87,5.48,11.49
MOT,rscardata,rscardata/train/069,car,332,3989,pure_small,1.0,1.0,car,car:1.000,14.7,7.48,0.0,6.0,10.95
MOT,rscardata,rscardata/train/070,car,332,5868,pure_small,1.0,1.0,car,car:1.000,12.0,8.49,3.87,5.92,11.22
MOT,rscardata,rscardata/test1024/002,car,326,24562,pure_small,1.0,1.0,car,car:1.000,22.05,6.48,3.46,4.47,9.8
MOT,rscardata,rscardata/test1024/003,car,325,19907,pure_small,1.0,1.0,car,car:1.000,7.0,4.47,0.0,3.0,5.48
MOT,rscardata,rscardata/test1024/005,car,326,36167,pure_small,1.0,1.0,car,car:1.000,22.23,6.48,3.0,4.47,8.49
MOT,rscardata,rscardata/test1024/006,car,326,15913,pure_small,1.0,1.0,car,car:1.000,18.33,4.9,2.0,3.46,6.93
MOT,rscardata,rscardata/test1024/008,car,326,13333,pure_small,1.0,1.0,car,car:1.000,18.71,5.48,2.45,4.24,9.54
MOT,rscardata,rscardata/test1024/009,car,300,7999,pure_small,1.0,1.0,car,car:1.000,10.95,5.48,2.45,4.0,6.48
MOT,rscardata,rscardata/test1024/010,car,326,38106,pure_small,1.0,1.0,car,car:1.000,18.71,6.93,3.46,5.48,8.49
